date,symbol,series,prev close,open,high,low,last,close,vwap,volume,turnover,trades,deliverable volume,,%deliverable
03-01-2000,TISCO,EQ,142.35,148,153.2,146.1,152.5,152.45,150.92,2003185,3.02E+13,,,,
04-01-2000,TISCO,EQ,152.45,150.1,153,143.05,151.95,150.8,151.03,1555136,2.35E+13,,,,
05-01-2000,,EQ,150.8,144.6,162.9,144.6,158,156.55,156.85,3840284,6.02E+13,,,,
06-01-2000,TISCO,EQ,156.55,158.95,169.1,158.95,169,168.25,167.61,2560449,4.29E+13,,,,
07-01-2000,,EQ,168.25,173.4,179,166.3,170.55,171.95,173.89,,6.33E+13,,,,
10-01-2000,TISCO,EQ,171.95,173.95,184.9,173.95,179,182.25,180.32,4642054,8.37E+13,,,,
11-01-2000,TISCO,EQ,182.25,179,180,167.7,167.7,167.7,170.99,1705968,2.92E+13,,,,
12-01-2000,TISCO,EQ,167.7,165,172,159.15,166.5,165.3,165.39,2337738,3.87E+13,,,,
13-01-2000,TISCO,EQ,165.3,167.9,170,156.05,158.7,159.2,163,1584803,2.58E+13,,,,
14-01-2000,TISCO,EQ,159.2,161,161.9,156,159.25,158.7,158.87,,2.45E+13,,,,
17-01-2000,TISCO,EQ,158.7,164.95,171.4,163.1,165.5,166.8,168.19,3326270,5.59E+13,,,,
18-01-2000,TISCO,EQ,166.8,166.9,176,163.25,175,172.8,169.43,3516827,5.96E+13,,,,
19-01-2000,TISCO,EQ,172.8,177,178,171,171.25,172.85,174.04,2617065,4.55E+13,,,,
20-01-2000,TISCO,EQ,172.85,171,179,160.7,161,163.1,171.22,8257650,1.41E+14,,,,
21-01-2000,,EQ,163.1,162.7,164.75,159.1,162,162.4,162.49,2794941,4.54E+13,,,,
24-01-2000,TISCO,EQ,162.4,163.9,163.9,150,150.9,151.15,157.14,2446509,3.84E+13,,,,
25-01-2000,TISCO,EQ,151.15,150,154,147,149,148.45,150.45,3030257,4.56E+13,,,,
27-01-2000,,EQ,148.45,151.4,153.5,147.5,148.2,148.3,150.04,1466342,2.20E+13,,,,
28-01-2000,TISCO,EQ,148.3,148,151,143.25,144.5,144.5,146.85,1996632,2.93E+13,,,,
31-01-2000,TISCO,EQ,144.5,143.1,144,138.6,139.6,139.35,141.67,1269284,1.80E+13,,,,
01-02-2000,TISCO,EQ,139.35,139.1,142.7,138.6,140.6,140.5,141.11,1748130,2.47E+13,,,,
02-02-2000,TISCO,EQ,140.5,143.7,145.25,140,141,141.05,142.96,1376545,1.97E+13,,,,
03-02-2000,TISCO,EQ,141.05,141.9,146.2,139.55,140.2,140,142.58,3275087,4.67E+13,,,,
04-02-2000,TISCO,EQ,140,141.9,142,139,140.4,140.1,140.02,1654411,2.32E+13,,,,
07-02-2000,TISCO,EQ,140.1,140,140.85,138.25,138.6,139,139.66,,1.30E+13,,,,
08-02-2000,TISCO,EQ,139,138.5,143.5,138.1,141.25,141.1,141.2,2677365,3.78E+13,,,,
09-02-2000,TISCO,EQ,141.1,145.4,150.25,143.1,143.9,144.4,147.07,2847687,4.19E+13,,,,
10-02-2000,TISCO,EQ,144.4,145.5,145.5,141.1,142,141.85,142.59,1093875,1.56E+13,,,,
11-02-2000,TISCO,EQ,141.85,143.8,143.95,139.75,140.5,140.2,141.06,1149793,1.62E+13,,,,
14-02-2000,TISCO,EQ,140.2,139,140.5,132.05,133.3,134.65,137.32,1013330,1.39E+13,,,,
15-02-2000,,EQ,134.65,133.5,137,130.25,131.5,131.75,133.83,1818713,2.43E+13,,,,
16-02-2000,TISCO,EQ,131.75,135.8,138,134.5,135,135.35,136.01,804018,1.09E+13,,,,
17-02-2000,TISCO,EQ,135.35,136,137.65,134.1,135.5,135.85,135.84,765613,1.04E+13,,,,
18-02-2000,TISCO,EQ,135.85,135.95,136.5,132.5,133,133.2,134.18,648089,8.70E+12,,,,
21-02-2000,TISCO,EQ,133.2,134,138.75,132,133.05,133.15,135.45,1165796,1.58E+13,,,,
22-02-2000,TISCO,EQ,133.15,134.35,135.25,130.4,131,131.25,132.95,1013742,1.35E+13,,,,
23-02-2000,TISCO,EQ,131.25,135.5,136,128,129,128.75,131.9,728400,9.61E+12,,,,
24-02-2000,TISCO,EQ,128.75,131.3,133.2,125.25,128.7,128.9,129.83,785072,1.02E+13,,,,
25-02-2000,TISCO,EQ,128.9,129.1,133,127.5,128.6,128.5,130.34,681916,8.89E+12,,,,
28-02-2000,TISCO,EQ,128.5,129.2,131.75,127.1,131,130.75,130.35,546385,7.12E+12,,,,
29-02-2000,TISCO,EQ,130.75,133,135.85,120.3,120.3,120.55,130.33,1567019,2.04E+13,,,,
01-03-2000,TISCO,EQ,120.55,123,126.85,110.95,120.9,115.75,117.52,3469035,4.08E+13,,,,
02-03-2000,TISCO,EQ,115.75,122,125.05,113.1,114.2,115.3,120.64,4536084,5.47E+13,,,,
03-03-2000,TISCO,EQ,115.3,112.5,112.5,106.1,107,106.45,108.76,1267692,1.38E+13,,,,
06-03-2000,TISCO,EQ,106.45,108.9,112.5,101.25,102.75,102.85,107.75,1462483,1.58E+13,,,,
07-03-2000,TISCO,EQ,102.85,103.4,104,96.5,97,97.15,99.23,,1.98E+13,,,,
08-03-2000,TISCO,EQ,97.15,99.4,99.4,90.5,91.5,91.15,94.79,1359620,1.29E+13,,,,
09-03-2000,TISCO,EQ,91.15,91.75,97.5,91,95,96.05,94.2,1396024,1.32E+13,,,,
10-03-2000,TISCO,EQ,96.05,96,97,90.6,92.4,91.9,92.64,834661,7.73E+12,,,,
13-03-2000,TISCO,EQ,91.9,93.3,94.9,89.1,90.5,90.35,92.69,1024407,9.49E+12,,,,
14-03-2000,TISCO,EQ,90.35,91.9,97.6,89.25,97.6,97.6,94.37,1340192,1.26E+13,,,,
15-03-2000,TISCO,EQ,97.6,104.95,105.45,101,105.45,105.45,104.5,1457390,1.52E+13,,,,
16-03-2000,TISCO,EQ,105.45,108,111.9,100.55,109,109.05,107.17,3260289,3.49E+13,,,,
21-03-2000,TISCO,EQ,109.05,109.75,111.7,103.1,107.3,108.5,108.13,2397599,2.59E+13,,,,
22-03-2000,TISCO,EQ,108.5,108.9,113.4,106,109,109.55,109.64,1447656,1.59E+13,,,,
23-03-2000,TISCO,EQ,109.55,108.35,110.8,103.3,104,104.25,106.17,870011,9.24E+12,,,,
24-03-2000,,EQ,104.25,105,106.6,104.1,106,105.85,105.6,686553,7.25E+12,,,,
27-03-2000,TISCO,EQ,105.85,106.9,106.9,103,104.65,104,104.95,468429,4.92E+12,,,,
28-03-2000,TISCO,EQ,104,104.5,107,102,106.25,106.35,104.84,1220783,1.28E+13,,,,
29-03-2000,TISCO,EQ,106.35,107.1,109.45,103.85,105,104.85,106.94,1141017,1.22E+13,,,,
30-03-2000,TISCO,EQ,104.85,104.2,111.5,101.1,108.3,108.55,106.56,,2.71E+13,,,,
31-03-2000,TISCO,EQ,108.55,107.3,116,105.25,115,115.15,113.04,3660943,4.14E+13,,,,
03-04-2000,TISCO,EQ,115.15,116.75,124.4,116.75,121.75,122.65,122.11,3438532,4.20E+13,,,,
04-04-2000,TISCO,EQ,122.65,121.5,121.5,112.85,115.4,114.15,115.68,3324851,3.85E+13,,,,
05-04-2000,TISCO,EQ,114.15,114,119,109.2,117.35,118.25,115.09,3400972,3.91E+13,,,,
06-04-2000,TISCO,EQ,118.25,118.9,122.9,112,115.25,115.2,115.4,1752811,2.02E+13,,,,
07-04-2000,TISCO,EQ,115.2,115.8,123.9,115.3,122.65,123.25,121.1,4457298,5.40E+13,,,,
10-04-2000,TISCO,EQ,123.25,124,125.8,119.05,119.95,120.6,122.82,3288466,4.04E+13,,,,
11-04-2000,TISCO,EQ,120.6,117.5,119.45,115.25,117.3,117.15,117.39,1337181,1.57E+13,,,,
12-04-2000,TISCO,EQ,117.15,118,119.65,115.6,116.9,116.7,117.31,812855,9.54E+12,,,,
13-04-2000,TISCO,EQ,116.7,115.1,115.1,110.3,113.1,112.2,112.66,1706328,1.92E+13,,,,
17-04-2000,TISCO,EQ,112.2,110,121,104.1,114.3,114.4,114.88,5607896,6.44E+13,,,,
18-04-2000,,EQ,114.4,114.95,119,114,117,116,116.51,,1.86E+13,,,,
19-04-2000,TISCO,EQ,116,119,120.5,113.8,116,115.95,117.46,2368988,2.78E+13,,,,
20-04-2000,TISCO,EQ,115.95,116,117,112.25,116.25,116.1,114.45,1231875,1.41E+13,,,,
24-04-2000,TISCO,EQ,116.1,116.5,117.5,110.6,111,111.95,114.39,1362670,1.56E+13,,,,
25-04-2000,TISCO,EQ,111.95,110.1,111,106.5,109.15,109.2,108.45,2110199,2.29E+13,,,,
26-04-2000,TISCO,EQ,109.2,112.4,116.15,110.3,115,115.5,114.18,2157205,2.46E+13,,,,
27-04-2000,TISCO,EQ,115.5,115,115,110,111.7,111.35,112.77,1035056,1.17E+13,,,,
28-04-2000,TISCO,EQ,111.35,112.5,114.5,107.5,108,108.1,109.75,894858,9.82E+12,,,,
02-05-2000,TISCO,EQ,108.1,108.1,109,101.25,102.8,102,104.03,1331445,1.39E+13,,,,
03-05-2000,TISCO,EQ,102,103,104,98,103.45,103.05,101.85,701492,7.14E+12,,,,
04-05-2000,TISCO,EQ,103.05,103.95,108,102.5,105,105.4,105.54,640752,6.76E+12,,,,
05-05-2000,TISCO,EQ,105.4,105.05,108.95,103.85,107,107.15,106.81,1085074,1.16E+13,,,,
08-05-2000,TISCO,EQ,107.15,107.5,111,105.35,105.75,106.2,108.42,856821,9.29E+12,,,,
09-05-2000,TISCO,EQ,106.2,105.1,106.2,102.15,105.8,104.6,104.43,744158,7.77E+12,,,,
10-05-2000,TISCO,EQ,104.6,107.25,107.25,103.75,104.05,104.2,105.12,337284,3.55E+12,,,,
11-05-2000,TISCO,EQ,104.2,102.1,104.4,102,102.45,102.65,103.08,225306,2.32E+12,,,,
12-05-2000,,EQ,102.65,103.45,103.95,99,100,100.25,101.74,464532,4.73E+12,,,,
15-05-2000,TISCO,EQ,100.25,98.5,102.25,98,101.65,101.9,100.83,443450,4.47E+12,,,,
16-05-2000,,EQ,101.9,101.5,103.5,101.5,102.25,102.2,102.27,515789,5.27E+12,,,,
17-05-2000,TISCO,EQ,102.2,103.9,108.3,103.9,105.4,105.1,106.46,1419590,1.51E+13,,,,
18-05-2000,,EQ,105.1,106.55,115.5,106.55,112,111.45,111.78,3738719,4.18E+13,,,,
19-05-2000,TISCO,EQ,111.45,112.5,115.5,111.1,114.25,113.5,113.86,1688159,1.92E+13,,,,
22-05-2000,TISCO,EQ,113.5,113,119.75,111.9,114.4,114.4,116.91,2805646,3.28E+13,,,,
23-05-2000,TISCO,EQ,114.4,114.2,116.5,112.55,116.45,115.45,114.18,,1.50E+13,,,,
24-05-2000,TISCO,EQ,115.45,114.75,120.95,113.5,119,118.25,118.22,3245820,3.84E+13,,,,
25-05-2000,TISCO,EQ,118.25,118,120.75,113.15,114.5,114.45,116.84,2814591,3.29E+13,,,,
26-05-2000,TISCO,EQ,114.45,114.1,116.4,112.55,114.25,113.9,114.06,1944298,2.22E+13,,,,
29-05-2000,TISCO,EQ,113.9,114.9,118.9,113.85,115.5,116,116.64,2108787,2.46E+13,,,,
30-05-2000,TISCO,EQ,116,116,117.9,115,116.5,116.55,116.46,1936132,2.25E+13,,,,
31-05-2000,TISCO,EQ,116.55,119.25,124.9,117.1,121.5,122.2,121.89,5233474,6.38E+13,,,,
01-06-2000,TISCO,EQ,122.2,124,124.7,118.65,119.25,119.25,121.98,2287485,2.79E+13,,,,
02-06-2000,TISCO,EQ,119.25,119.9,133.6,119.9,133.6,133.6,128.85,7480980,9.64E+13,,,,
05-06-2000,TISCO,EQ,133.6,135,141.5,128.5,130.5,130.3,134.92,4498334,6.07E+13,,,,
06-06-2000,TISCO,EQ,130.3,131,135.9,129.1,134.35,133.95,133.22,2121520,2.83E+13,,,,
07-06-2000,TISCO,EQ,133.95,135.5,135.95,130,130.4,130.6,133.17,1517800,2.02E+13,,,,
08-06-2000,TISCO,EQ,130.6,131,134,130.5,133,133.15,132.46,1626902,2.16E+13,,,,
09-06-2000,TISCO,EQ,133.15,133,137.8,132,132.35,132.65,134.47,2983399,4.01E+13,,,,
12-06-2000,TISCO,EQ,132.65,133.75,134.3,128.5,129.2,129.15,131.23,1790456,2.35E+13,,,,
13-06-2000,TISCO,EQ,129.15,128.6,129,123.65,127.1,125.75,125.65,3303496,4.15E+13,,,,
14-06-2000,TISCO,EQ,125.75,129.5,132,127.55,128.45,128.3,129.73,,2.83E+13,,,,
15-06-2000,TISCO,EQ,128.3,128.5,128.7,126.5,127,127.15,127.38,638241,8.13E+12,,,,
16-06-2000,TISCO,EQ,127.15,128.45,131.45,126.75,130.25,130.35,129.28,2013827,2.60E+13,,,,
19-06-2000,TISCO,EQ,130.35,131,131,128,128.75,128.95,129.49,993893,1.29E+13,,,,
20-06-2000,TISCO,EQ,128.95,129.05,130,126.5,127.5,127.35,127.42,927373,1.18E+13,,,,
21-06-2000,TISCO,EQ,127.35,128.35,128.35,123.1,123.1,123.45,125.23,844267,1.06E+13,,,,
22-06-2000,TISCO,EQ,123.45,123.85,125.95,120.65,125,124.75,123.25,1173265,1.45E+13,,,,
23-06-2000,TISCO,EQ,124.75,124.95,127.5,122.8,123.55,123.35,124.91,1274714,1.59E+13,,,,
26-06-2000,,EQ,123.35,124,124,121.05,121.75,121.8,122.34,600593,7.35E+12,,,,
27-06-2000,TISCO,EQ,121.8,122.5,124.4,120.45,120.85,120.95,122.15,1489781,1.82E+13,,,,
28-06-2000,,EQ,120.95,121,122.4,120.2,121.8,121.95,121.73,377792,4.60E+12,,,,
29-06-2000,TISCO,EQ,121.95,122.35,123.5,121,121.05,121.35,122.5,606964,7.44E+12,,,,
30-06-2000,TISCO,EQ,121.35,120.55,122.8,117.9,119,118.45,120.25,901077,1.08E+13,,,,
03-07-2000,TISCO,EQ,118.45,119.9,128.9,119,126.45,126.4,125.33,3160737,3.96E+13,,,,
04-07-2000,TISCO,EQ,126.4,127,130.3,126.5,128,128.3,128.34,1664116,2.14E+13,,,,
05-07-2000,TISCO,EQ,128.3,128.9,130.75,126.5,128,127.15,128.45,1348685,1.73E+13,,,,
06-07-2000,TISCO,EQ,127.15,128.25,129.2,124,127.75,127.9,128.02,938540,1.20E+13,,,,
07-07-2000,TISCO,EQ,127.9,129.45,136.7,129,136.25,134.95,133.35,,6.09E+13,,,,
10-07-2000,TISCO,EQ,134.95,135,136.9,133.1,134.2,134.25,135.03,2388637,3.23E+13,,,,
11-07-2000,TISCO,EQ,134.25,133.7,140.85,132.6,139.05,139.15,137.32,3785074,5.20E+13,,,,
12-07-2000,TISCO,EQ,139.15,144.45,144.7,139.1,142.5,140.6,142.16,4374409,6.22E+13,,,,
13-07-2000,,EQ,140.6,142.5,144.45,138.95,140,140.8,142,3031696,4.31E+13,,,,
14-07-2000,,EQ,140.8,141,142.4,137.3,138.25,138.05,139.5,1823066,2.54E+13,,,,
17-07-2000,TISCO,EQ,138.05,138.6,145,138.6,142.75,143.95,142.02,3857563,5.48E+13,,,,
18-07-2000,TISCO,EQ,143.95,144.2,145.7,139.5,140.55,140.4,142.54,2763503,3.94E+13,,,,
19-07-2000,TISCO,EQ,140.4,141.45,142,133.5,134.5,134.7,137.19,2531696,3.47E+13,,,,
20-07-2000,TISCO,EQ,134.7,136.75,141.95,135,136.5,136.15,138.59,5369089,7.44E+13,,,,
21-07-2000,TISCO,EQ,136.15,136.9,137.95,124.6,125.35,125.8,128.31,5058672,6.49E+13,,,,
24-07-2000,TISCO,EQ,125.8,121.2,122.6,115.75,115.8,116.5,119.06,1997742,2.38E+13,,,,
25-07-2000,TISCO,EQ,116.5,115.1,121.95,110,120.5,120,118.1,2907837,3.43E+13,,,,
26-07-2000,TISCO,EQ,120,122,123,115.75,116.15,116.45,119.51,1783350,2.13E+13,,,,
27-07-2000,TISCO,EQ,116.45,115.9,118.5,114.85,117.8,117.85,116.65,1697342,1.98E+13,,,,
28-07-2000,TISCO,EQ,117.85,116.6,122,116.4,117.95,118.2,119.37,,2.59E+13,,,,
31-07-2000,TISCO,EQ,118.2,119,119.45,116.55,118.35,117.95,118.19,884774,1.05E+13,,,,
01-08-2000,TISCO,EQ,117.95,118.4,120.9,117.5,117.8,118.05,119.07,1865758,2.22E+13,,,,
02-08-2000,TISCO,EQ,118.05,119.4,119.8,116.8,117.75,117.9,118.06,1539774,1.82E+13,,,,
03-08-2000,,EQ,117.9,118,118.4,113.35,114.95,114.95,115.66,2017226,2.33E+13,,,,
04-08-2000,,EQ,114.95,115.25,117,113,113.75,113.75,115.03,1455741,1.67E+13,,,,
07-08-2000,,EQ,113.75,113.9,114.2,106.6,108.55,108.15,109.86,1613367,1.77E+13,,,,
08-08-2000,TISCO,EQ,108.15,108.9,112.7,107.15,110.1,109.9,110,1787938,1.97E+13,,,,
09-08-2000,TISCO,EQ,109.9,111.45,113.75,110.8,112.25,112.1,112.46,678144,7.63E+12,,,,
10-08-2000,TISCO,EQ,112.1,112,112.8,109.75,109.9,110.15,111.17,662031,7.36E+12,,,,
11-08-2000,TISCO,EQ,110.15,110.2,111,105.7,107.5,107.2,107.64,1286679,1.39E+13,,,,
14-08-2000,TISCO,EQ,107.2,108,108,104,105.4,105.65,105.68,1723279,1.82E+13,,,,
16-08-2000,TISCO,EQ,105.65,107.35,109.4,106,107.25,107.65,107.76,1339950,1.44E+13,,,,
17-08-2000,TISCO,EQ,107.65,107.75,109.7,106.65,107.25,107.05,107.91,1403837,1.51E+13,,,,
18-08-2000,TISCO,EQ,107.05,107.9,107.9,105.55,106.45,106.5,106.48,807645,8.60E+12,,,,
21-08-2000,TISCO,EQ,106.5,107,108.8,106.35,107.5,107.55,107.61,899289,9.68E+12,,,,
22-08-2000,TISCO,EQ,107.55,108.05,112.45,107.05,112,111.5,109.94,1875037,2.06E+13,,,,
23-08-2000,TISCO,EQ,111.5,113,114.8,111.5,112.05,112.4,113.25,1616521,1.83E+13,,,,
24-08-2000,TISCO,EQ,112.4,112.4,112.4,109.1,110.5,110.4,110.37,819703,9.05E+12,,,,
25-08-2000,TISCO,EQ,110.4,109.6,111.45,109.3,109.75,110.15,110.33,765462,8.45E+12,,,,
28-08-2000,TISCO,EQ,110.15,110.5,111.9,110.05,110.5,110.7,111.01,894272,9.93E+12,,,,
29-08-2000,TISCO,EQ,110.7,110.4,111.35,109.55,109.6,109.8,110.17,,9.69E+12,,,,
30-08-2000,TISCO,EQ,109.8,110.8,111.4,109.8,110.25,110.15,110.44,542392,5.99E+12,,,,
31-08-2000,TISCO,EQ,110.15,110,110.45,108.5,109.15,109,109.32,475460,5.20E+12,,,,
04-09-2000,TISCO,EQ,109,109.75,112.4,109.5,111.25,110.9,111.06,965440,1.07E+13,,,,
05-09-2000,TISCO,EQ,110.9,111.45,112.5,110.65,111.35,111.25,111.59,802116,8.95E+12,,,,
06-09-2000,TISCO,EQ,111.25,111.6,114.4,111,113.05,113.05,112.98,1789000,2.02E+13,,,,
07-09-2000,TISCO,EQ,113.05,113.5,115.45,112.75,113.3,113.1,114.14,1250554,1.43E+13,,,,
08-09-2000,TISCO,EQ,113.1,113,113.2,111.3,111.65,111.55,112.36,585012,6.57E+12,,,,
11-09-2000,TISCO,EQ,111.55,112.5,113.85,110.5,110.8,111.1,112.06,683625,7.66E+12,,,,
12-09-2000,TISCO,EQ,111.1,110.9,111,108.65,108.8,109.2,109.71,1024981,1.12E+13,,,,
13-09-2000,TISCO,EQ,109.2,109.25,109.8,107.8,108,107.95,108.64,449327,4.88E+12,,,,
14-09-2000,TISCO,EQ,107.95,107.6,108.65,106.1,106.65,106.55,107.06,376326,4.03E+12,,,,
15-09-2000,,EQ,106.55,107.7,107.9,104.25,104.85,104.95,105.78,584705,6.18E+12,,,,
18-09-2000,TISCO,EQ,104.95,103,103.9,101,101.7,101.7,102.66,438515,4.50E+12,,,,
19-09-2000,TISCO,EQ,101.7,101,102.5,97.1,97.75,97.5,99.47,1220188,1.21E+13,,,,
20-09-2000,TISCO,EQ,97.5,98.8,101,97.35,99.6,99.35,99.12,,1.19E+13,,,,
21-09-2000,TISCO,EQ,99.35,100.75,102,99,99.9,99.95,100.6,670951,6.75E+12,,,,
22-09-2000,TISCO,EQ,99.95,99.3,99.3,95,95.25,95.55,96.76,796989,7.71E+12,,,,
25-09-2000,TISCO,EQ,95.55,97.25,101.9,95.3,96.9,96.15,96.69,562320,5.44E+12,,,,
26-09-2000,TISCO,EQ,96.15,97.7,97.7,94.85,95.9,95.7,95.54,862813,8.24E+12,,,,
27-09-2000,TISCO,EQ,95.7,96,96.5,94.3,95.7,95.6,95.61,332511,3.18E+12,,,,
28-09-2000,TISCO,EQ,95.6,95.5,96.5,94.25,94.3,94.45,95.14,362281,3.45E+12,,,,
29-09-2000,TISCO,EQ,94.45,95.25,95.5,93.75,94.2,94.3,94.52,348591,3.29E+12,,,,
03-10-2000,TISCO,EQ,94.3,93.55,96.85,93.5,95.65,95.65,95.41,753747,7.19E+12,,,,
04-10-2000,TISCO,EQ,95.65,96,100.4,95,98.35,98.35,98.78,985792,9.74E+12,,,,
05-10-2000,TISCO,EQ,98.35,98.6,100.3,97,97.1,97.25,98.65,489057,4.82E+12,,,,
06-10-2000,TISCO,EQ,97.25,96.3,97.95,96.15,96.9,96.85,96.93,272734,2.64E+12,,,,
09-10-2000,TISCO,EQ,96.85,96.1,97,95.6,96,95.95,96.15,207378,1.99E+12,,,,
10-10-2000,TISCO,EQ,95.95,95.25,97,91.75,92.45,92.25,93.38,758818,7.09E+12,,,,
11-10-2000,TISCO,EQ,92.25,91.25,92.4,87.5,88.5,88.05,90,734616,6.61E+12,,,,
12-10-2000,TISCO,EQ,88.05,87.1,88.9,86.5,87.3,87.05,87.47,591263,5.17E+12,,,,
13-10-2000,TISCO,EQ,87.05,86,92.2,85.05,87.3,89.75,88.8,1694229,1.50E+13,,,,
16-10-2000,TISCO,EQ,89.75,91.7,94,88.15,89,89.5,91.41,1073434,9.81E+12,,,,
17-10-2000,TISCO,EQ,89.5,88.25,91.15,87,88,88.4,89,877167,7.81E+12,,,,
18-10-2000,TISCO,EQ,88.4,89,91,88.25,90.8,90.3,89.81,830252,7.46E+12,,,,
19-10-2000,TISCO,EQ,90.3,91.4,99.35,91.05,98.1,97.1,94.6,2823482,2.67E+13,,,,
20-10-2000,TISCO,EQ,97.1,99.75,104.9,99.5,101.8,102.3,102.29,3252523,3.33E+13,,,,
23-10-2000,TISCO,EQ,102.3,101.1,102.4,95.85,96.1,96.25,98.75,1296542,1.28E+13,,,,
24-10-2000,TISCO,EQ,96.25,95.95,97.5,94.8,95.4,95.55,96.06,931134,8.94E+12,,,,
25-10-2000,TISCO,EQ,95.55,96,99.5,95.55,97.95,98.1,97.89,1738395,1.70E+13,,,,
26-10-2000,TISCO,EQ,98.1,98,100.5,97.75,100.2,99.8,99.37,,7.76E+12,,,,
27-10-2000,TISCO,EQ,99.8,100,102,98.8,99.35,99.35,100.13,674662,6.76E+12,,,,
30-10-2000,TISCO,EQ,99.35,99.25,99.25,95.25,95.9,95.75,97.06,623396,6.05E+12,,,,
31-10-2000,TISCO,EQ,95.75,95.75,97.1,95.15,96.8,96.6,96.3,770931,7.42E+12,,,,
01-11-2000,TISCO,EQ,96.6,98.25,100.3,96.75,99.25,99.7,99.03,1719847,1.70E+13,,,,
02-11-2000,TISCO,EQ,99.7,99.9,104.45,99.9,104.4,103.45,102.7,3000537,3.08E+13,,,,
03-11-2000,TISCO,EQ,103.45,104.8,107.5,103.75,105.7,105.65,105.71,3121865,3.30E+13,,,,
06-11-2000,,EQ,105.65,106.7,107.85,105.05,105.6,105.55,106.41,2238869,2.38E+13,,,,
07-11-2000,TISCO,EQ,105.55,104.7,106.8,104,105.5,105.35,105.62,1622755,1.71E+13,,,,
08-11-2000,TISCO,EQ,105.35,105.35,108.85,105,106.75,106.6,107.42,2332618,2.51E+13,,,,
09-11-2000,TISCO,EQ,106.6,106,106.95,105,105.75,105.85,105.93,858220,9.09E+12,,,,
10-11-2000,TISCO,EQ,105.85,105.9,106.15,101.5,101.65,101.85,103.42,1259693,1.30E+13,,,,
13-11-2000,TISCO,EQ,101.85,100.4,104.9,98.55,103.8,103.8,102.49,1555397,1.59E+13,,,,
14-11-2000,TISCO,EQ,103.8,104.4,108.7,103.85,108.7,107.9,106.74,1982667,2.12E+13,,,,
15-11-2000,TISCO,EQ,107.9,109.8,111.9,107.75,108.5,108.5,109.79,2899902,3.18E+13,,,,
16-11-2000,TISCO,EQ,108.5,109.65,111.35,106.65,106.85,107.1,109.15,2079895,2.27E+13,,,,
17-11-2000,TISCO,EQ,107.1,106.55,108.75,105.6,107.75,107.95,107.68,929156,1.00E+13,,,,
20-11-2000,TISCO,EQ,107.95,108.1,109.5,107.35,108.85,108.8,108.8,1042115,1.13E+13,,,,
21-11-2000,TISCO,EQ,108.8,107.6,111,107.6,109.05,109.05,109.67,2039145,2.24E+13,,,,
22-11-2000,TISCO,EQ,109.05,110.25,113.1,109.4,110.8,110.9,111.67,3551341,3.97E+13,,,,
23-11-2000,TISCO,EQ,110.9,110.15,112.6,109.2,111.55,111.6,111.72,1907299,2.13E+13,,,,
24-11-2000,TISCO,EQ,111.6,112.3,116.35,112.1,116,115.9,114.79,4785944,5.49E+13,,,,
27-11-2000,TISCO,EQ,115.9,116.9,120.45,116.2,120.1,119.8,118.58,4247437,5.04E+13,,,,
28-11-2000,TISCO,EQ,119.8,120,122.7,119.3,121.05,121.15,121.17,3021507,3.66E+13,,,,
29-11-2000,TISCO,EQ,121.15,120.5,122.8,116.9,119,118.85,119.69,3553657,4.25E+13,,,,
30-11-2000,TISCO,EQ,118.85,119.45,124.9,118,122.6,123.1,122.88,6511873,8.00E+13,,,,
01-12-2000,TISCO,EQ,123.1,122.25,125.7,121.3,122.8,122.55,123.84,4793414,5.94E+13,,,,
04-12-2000,TISCO,EQ,122.55,123.8,126.9,123.1,125.5,125.05,125.31,3703806,4.64E+13,,,,
05-12-2000,TISCO,EQ,125.05,125.8,128.25,125.8,127.2,126.95,127.08,2661143,3.38E+13,,,,
06-12-2000,TISCO,EQ,126.95,129,129.45,125,126.1,126,126.48,4062729,5.14E+13,,,,
07-12-2000,TISCO,EQ,126,125,129.8,125,129.25,129.55,128.56,5270627,6.78E+13,,,,
08-12-2000,TISCO,EQ,129.55,129.7,132.9,129.5,131,130.8,131.24,4754871,6.24E+13,,,,
11-12-2000,TISCO,EQ,130.8,131.45,132.4,127.9,128.8,128.7,129.49,2433050,3.15E+13,,,,
12-12-2000,TISCO,EQ,128.7,128.9,128.9,125.6,126.8,126.45,126.68,2296697,2.91E+13,,,,
13-12-2000,TISCO,EQ,126.45,127.45,129,126.15,127.9,128.05,127.92,2608013,3.34E+13,,,,
14-12-2000,TISCO,EQ,128.05,127.5,130.85,127,127.55,127.45,129.1,2547132,3.29E+13,,,,
15-12-2000,TISCO,EQ,127.45,126.55,127.9,122.55,122.95,123.15,124.73,2428971,3.03E+13,,,,
18-12-2000,TISCO,EQ,123.15,117.5,124.9,117.5,124.25,123.95,122.67,1551471,1.90E+13,,,,
19-12-2000,TISCO,EQ,123.95,124.7,129.2,124.7,127,126.75,127.3,3635236,4.63E+13,,,,
20-12-2000,TISCO,EQ,126.75,126.05,127.3,124.15,125.35,125.6,125.97,1126210,1.42E+13,,,,
21-12-2000,TISCO,EQ,125.6,124.5,126.75,122.55,124.65,125.05,124.85,1167089,1.46E+13,,,,
22-12-2000,,EQ,125.05,125.9,128,121.25,121.6,122,124.81,1767214,2.21E+13,,,,
26-12-2000,TISCO,EQ,122,122.5,124.6,120.05,120.9,120.55,121.68,1354237,1.65E+13,,,,
27-12-2000,TISCO,EQ,120.55,121,123.9,119,122.3,122,122.04,1137342,1.39E+13,,,,
28-12-2000,TISCO,EQ,122,122.45,124.9,122.45,124.2,123.7,123.83,916487,1.13E+13,,,,
29-12-2000,TISCO,EQ,123.7,124.4,130.7,124.3,129.85,130.1,128.57,,5.00E+13,,,,
01-01-2001,TISCO,EQ,130.1,130.7,134.9,130,132.3,132.15,133.06,2913398,3.88E+13,,,,
02-01-2001,TISCO,EQ,132.15,132.5,135.2,132.1,135,134.6,134.05,2452988,3.29E+13,,,,
03-01-2001,TISCO,EQ,134.6,135.5,138.2,133.6,135.8,136.05,136.49,4024574,5.49E+13,,,,
04-01-2001,TISCO,EQ,136.05,137.9,138.9,132.9,133.8,134.5,135.84,4074096,5.53E+13,,,,
05-01-2001,TISCO,EQ,134.5,135.45,136.4,132.3,132.9,133.05,133.99,2416667,3.24E+13,,,,
08-01-2001,TISCO,EQ,133.05,132.1,133.75,128.2,128.85,129,130.86,2372630,3.10E+13,,,,
09-01-2001,TISCO,EQ,129,128.35,130.25,126.55,127.3,127,127.94,2166962,2.77E+13,,,,
10-01-2001,TISCO,EQ,127,127.9,130.9,126.1,126.75,127,128.94,2580982,3.33E+13,,,,
11-01-2001,TISCO,EQ,127,128,128.25,126,126.75,126.8,127.18,1291247,1.64E+13,,,,
12-01-2001,TISCO,EQ,126.8,127.5,130.15,125.05,128.25,127.95,128.47,2550854,3.28E+13,,,,
15-01-2001,TISCO,EQ,127.95,128.8,133.4,128.35,132.9,132.55,130.67,3683347,4.81E+13,,,,
16-01-2001,TISCO,EQ,132.55,133.45,133.9,130.8,131.5,131.5,132.2,2411151,3.19E+13,,,,
17-01-2001,TISCO,EQ,131.5,130,131.25,123.75,125.3,124.65,127.45,3965384,5.05E+13,,,,
18-01-2001,TISCO,EQ,124.65,125.85,128.5,123.4,127.8,127.7,125.95,3337740,4.20E+13,,,,
19-01-2001,TISCO,EQ,127.7,128.1,129.7,126.6,127.7,127.3,128.01,2541044,3.25E+13,,,,
22-01-2001,TISCO,EQ,127.3,128,130.4,127.3,130,129.5,129.07,2337658,3.02E+13,,,,
23-01-2001,TISCO,EQ,129.5,130.8,132.95,130.3,130.95,130.75,131.59,2753657,3.62E+13,,,,
24-01-2001,TISCO,EQ,130.75,132.5,133.2,130.1,132.2,132.15,132.02,3127371,4.13E+13,,,,
25-01-2001,TISCO,EQ,132.15,131.05,132.8,129.35,130.75,130.5,130.83,1949395,2.55E+13,,,,
29-01-2001,TISCO,EQ,130.5,130.05,130.8,124.1,127.8,128.25,128.38,1574203,2.02E+13,,,,
30-01-2001,TISCO,EQ,128.25,128,135.9,128,135.5,135.3,132.81,3756900,4.99E+13,,,,
31-01-2001,TISCO,EQ,135.3,136,140.6,135.1,137.15,137.35,138.27,6658750,9.21E+13,,,,
01-02-2001,TISCO,EQ,137.35,136.1,139.35,133,135.6,136.85,136.22,4456405,6.07E+13,,,,
02-02-2001,TISCO,EQ,136.85,136.1,143.25,136,142.95,142.6,141.27,6182384,8.73E+13,,,,
05-02-2001,TISCO,EQ,142.6,143.4,151.25,142.55,148.75,149.05,148.16,8533067,1.26E+14,,,,
06-02-2001,TISCO,EQ,149.05,149.65,153.85,147.3,153.5,152.65,151.22,7339863,1.11E+14,,,,
07-02-2001,TISCO,EQ,152.65,153.6,153.6,148.9,151.3,151.8,151.51,4512674,6.84E+13,,,,
08-02-2001,TISCO,EQ,151.8,152.2,159.5,152.1,159.5,158.65,156.71,8145011,1.28E+14,,,,
09-02-2001,TISCO,EQ,158.65,159.85,164.55,159.85,163,162.85,162.82,6606430,1.08E+14,,,,
12-02-2001,TISCO,EQ,162.85,162.9,163.5,156.65,158.25,157.8,159.56,4093420,6.53E+13,,,,
13-02-2001,TISCO,EQ,157.8,158,161.65,155.55,157.75,158.3,158.27,4810829,7.61E+13,,,,
14-02-2001,TISCO,EQ,158.3,158,160.9,155.5,159,158.65,157.97,4426165,6.99E+13,,,,
15-02-2001,TISCO,EQ,158.65,159.9,161,157.55,158,158.55,159.51,3366957,5.37E+13,,,,
16-02-2001,TISCO,EQ,158.55,158.5,159,153.1,154,153.5,155.95,2925574,4.56E+13,,,,
19-02-2001,TISCO,EQ,153.5,154.45,159,153.1,154.7,155.25,155.89,2948027,4.60E+13,,,,
20-02-2001,TISCO,EQ,155.25,155.7,158.95,155.7,157.25,156.8,157.4,3886086,6.12E+13,,,,
21-02-2001,TISCO,EQ,156.8,158.6,161.75,157.6,159.8,159.55,159.92,6479665,1.04E+14,,,,
22-02-2001,TISCO,EQ,159.55,159,159.4,154.2,154.9,155.3,156.6,3176235,4.97E+13,,,,
23-02-2001,TISCO,EQ,155.3,157.5,160.25,151,152,152,156.44,6289717,9.84E+13,,,,
26-02-2001,TISCO,EQ,152,153,156.3,147.55,154.35,154.3,151.69,5822227,8.83E+13,,,,
27-02-2001,TISCO,EQ,154.3,155.75,159.4,151,158.25,157.8,155.09,,9.73E+13,,,,
28-02-2001,TISCO,EQ,157.8,158.95,161.45,152.5,154.5,154.5,157.73,5177467,8.17E+13,,,,
01-03-2001,TISCO,EQ,154.5,152.15,166.9,152.15,164,163,163.02,7702848,1.26E+14,,,,
02-03-2001,TISCO,EQ,163,166,169.45,155.6,158,157.1,162.2,5094940,8.26E+13,,,,
05-03-2001,TISCO,EQ,157.1,158.45,159.9,147.6,149.25,148.85,152.16,4361968,6.64E+13,,,,
07-03-2001,TISCO,EQ,148.85,151.5,154.45,145.15,148.65,149.2,148.45,2003346,2.97E+13,,,,
08-03-2001,TISCO,EQ,149.2,148.1,154,147.25,149.8,150.95,150.94,1971857,2.98E+13,,,,
09-03-2001,TISCO,EQ,150.95,149.1,149.1,138.9,142.45,142,141.98,1693295,2.40E+13,,,,
17-10-2005,TATASTEEL,EQ,379,380,386.3,374.6,384.2,384.35,381.89,4618966,1.76E+14,,967474,0.2095,
18-10-2005,TATASTEEL,EQ,384.35,386.85,388.55,364.1,365.1,374.85,382.15,3408087,1.30E+14,,813336,0.2386,
19-10-2005,TATASTEEL,EQ,374.85,371.6,373.55,352,362.7,361.55,365.77,4549667,1.66E+14,,1378484,0.303,
20-10-2005,TATASTEEL,EQ,361.55,365.3,371.85,351.5,359.55,358.6,362.9,,1.50E+14,,775267,0.1876,
21-10-2005,TATASTEEL,EQ,358.6,360.35,368.5,357.65,367.5,367.4,363.93,4355886,1.59E+14,,1853897,0.4256,
24-10-2005,TATASTEEL,EQ,367.4,368.5,379.9,350.8,352.25,352.3,359.85,3894076,1.40E+14,,1150726,0.2955,
25-10-2005,TATASTEEL,EQ,352.3,355,357.5,348,349.7,350.5,352.19,4574872,1.61E+14,,903146,0.1974,
26-10-2005,TATASTEEL,EQ,350.5,351,355.9,344.3,345.95,346.9,350.25,4196216,1.47E+14,,694901,0.1656,
27-10-2005,TATASTEEL,EQ,346.9,347.6,348.85,335.1,336.7,337.6,340.52,5109854,1.74E+14,,2128998,0.4166,
28-10-2005,TATASTEEL,EQ,337.6,348.85,348.9,329,332,330.8,333.51,2394522,7.99E+13,,482868,0.2017,
31-10-2005,TATASTEEL,EQ,330.8,335,340.5,331.2,340.1,339.4,336.38,2029967,6.83E+13,,516084,0.2542,
01-11-2005,TATASTEEL,EQ,339.4,345,345,339.15,340,340.15,341.14,893405,3.05E+13,,350771,0.3926,
02-11-2005,TATASTEEL,EQ,340.15,341.4,351,331,349.5,348.95,342.35,4253299,1.46E+14,,1484765,0.3491,
07-11-2005,TATASTEEL,EQ,348.95,340.5,366.5,340.5,362.1,363.65,358.54,7146401,2.56E+14,,2508697,0.351,
08-11-2005,TATASTEEL,EQ,363.65,365.9,368.95,357.25,363.5,362.1,363.36,5476390,1.99E+14,,1265753,0.2311,
09-11-2005,TATASTEEL,EQ,362.1,364.1,368.8,360,361.05,362.75,364.32,5944366,2.17E+14,,1087503,0.1829,
10-11-2005,TATASTEEL,EQ,362.75,362.8,365.7,360.25,363.5,363.35,363,2842920,1.03E+14,,659224,0.2319,
11-11-2005,TATASTEEL,EQ,363.35,365.7,373.3,365,372.1,371.3,369.49,3446474,1.27E+14,,929564,0.2697,
14-11-2005,TATASTEEL,EQ,371.3,374.3,374.4,360.2,365.3,365.6,366.21,3304676,1.21E+14,,864501,0.2616,
16-11-2005,TATASTEEL,EQ,365.6,369,370,363.05,366.2,367.55,367.78,1848823,6.80E+13,,388278,0.21,
17-11-2005,TATASTEEL,EQ,367.55,369.9,374,359,366,367.05,364.22,4075733,1.48E+14,,1137956,0.2792,
18-11-2005,TATASTEEL,EQ,367.05,369,375,368.2,369,370.2,372.16,3801307,1.41E+14,,883138,0.2323,
21-11-2005,,EQ,370.2,371.5,371.9,359.1,359.5,360.8,364.43,2658137,9.69E+13,,818961,0.3081,
22-11-2005,,EQ,360.8,360.45,362,349.15,349.9,351.1,356.33,3731824,1.33E+14,,896696,0.2403,
23-11-2005,,EQ,351.1,350,351.1,339.25,342.6,342.65,344.42,5888523,2.03E+14,,1917892,0.3257,
24-11-2005,,EQ,342.65,343,348.7,340.6,343.25,342.4,343.34,6028302,2.07E+14,,2599398,0.4312,
25-11-2005,,EQ,342.4,344.2,348,338,342,342.25,342.99,4814894,1.65E+14,,1560943,0.3242,
26-11-2005,TATASTEEL,EQ,342.25,342.4,346,342.4,344.6,344.2,344.24,928792,3.20E+13,,144210,0.1553,
28-11-2005,TATASTEEL,EQ,344.2,345.85,352,342,343.65,344.75,347.02,7795891,2.71E+14,,2852102,0.3658,
29-11-2005,TATASTEEL,EQ,344.75,343.5,351.6,341.75,349.7,347.9,347.24,4502443,1.56E+14,,620093,0.1377,
30-11-2005,TATASTEEL,EQ,347.9,349.55,356.9,348.1,350.2,349.7,352.64,5545838,1.96E+14,,1607508,0.2899,
01-12-2005,TATASTEEL,EQ,349.7,356.9,356.9,346.25,350.15,350.3,351.06,3626155,1.27E+14,,744379,0.2053,
02-12-2005,TATASTEEL,EQ,350.3,354,361.4,353,356.9,357.05,357.42,5256560,1.88E+14,,1383407,0.2632,
05-12-2005,TATASTEEL,EQ,357.05,358,360,352.6,353.65,354.1,356.42,2820750,1.01E+14,,709183,0.2514,
06-12-2005,,EQ,354.1,353.7,356.8,348.15,349.2,351.15,353.8,1786739,6.32E+13,,256819,0.1437,
07-12-2005,TATASTEEL,EQ,351.15,351.15,353.15,348.2,350.5,349.7,350.67,2013862,7.06E+13,,408329,0.2028,
08-12-2005,,EQ,349.7,352,352,345.85,346.5,347.7,348.77,1926180,6.72E+13,,280295,0.1455,
09-12-2005,TATASTEEL,EQ,347.7,348.8,357,348,357,356.05,353.65,2981821,1.05E+14,,774811,0.2598,
12-12-2005,,EQ,356.05,357,365,357,362.8,363.05,361.94,2965474,1.07E+14,,1027845,0.3466,
13-12-2005,TATASTEEL,EQ,363.05,364,372.3,362.1,371,369.55,366.7,3690948,1.35E+14,,1659429,0.4496,
14-12-2005,,EQ,369.55,371.35,381,370.55,376.9,378.15,376.4,6028697,2.27E+14,,1945617,0.3227,
15-12-2005,TATASTEEL,EQ,378.15,381,384.35,365.4,368.25,368.85,376.91,7117421,2.68E+14,,1961209,0.2756,
16-12-2005,,EQ,368.85,371.3,371.85,365.15,367.75,367.9,368.29,3549729,1.31E+14,,1025777,0.289,
19-12-2005,TATASTEEL,EQ,367.9,369.9,381,369.05,380.6,380.05,375.01,2896776,1.09E+14,,978955,0.3379,
20-12-2005,TATASTEEL,EQ,380.05,381,382.05,371.8,373.6,374.45,376.52,3691616,1.39E+14,,881037,0.2387,
21-12-2005,TATASTEEL,EQ,374.45,374.2,377.2,368.85,375.4,375.35,373.27,3806768,1.42E+14,,1094734,0.2876,
22-12-2005,,EQ,375.35,376.25,383,375.5,382.6,381.5,379.43,3647554,1.38E+14,,756518,0.2074,
23-12-2005,TATASTEEL,EQ,381.5,382.55,384.7,366.55,366.9,368.5,374.94,4313008,1.62E+14,,1253687,0.2907,
26-12-2005,,EQ,368.5,369,371.5,364.6,368.7,368.6,368.59,3707845,1.37E+14,,906502,0.2445,
27-12-2005,,EQ,368.6,368.5,375.9,367,375.25,375.3,373.14,2037287,7.60E+13,,403646,0.1981,
28-12-2005,,EQ,375.3,376,378.9,369.1,370.25,371.05,373.99,2657484,9.94E+13,,613395,0.2308,
29-12-2005,TATASTEEL,EQ,371.05,371.5,373.85,368.1,370.05,370.35,370.98,3368020,1.25E+14,,1533860,0.4554,
30-12-2005,TATASTEEL,EQ,370.35,370.25,381.6,370.25,380,379.95,376.91,3992422,1.50E+14,,1997119,0.5002,
02-01-2006,TATASTEEL,EQ,379.95,381.95,383.7,375.3,380.5,379,380.31,1927590,7.33E+13,,530345,0.2751,
03-01-2006,,EQ,379,381,387.4,379,385.5,386.2,383.09,2035077,7.80E+13,,727120,0.3573,
04-01-2006,TATASTEEL,EQ,386.2,388.85,388.85,382.7,383.35,384.25,385.5,2277107,8.78E+13,,527587,0.2317,
05-01-2006,TATASTEEL,EQ,384.25,384.85,385.8,379.25,380.35,380.4,382.51,1393282,5.33E+13,,228844,0.1642,
06-01-2006,,EQ,380.4,381.6,384.9,377.4,384.3,384.2,382.1,,9.20E+13,,1070563,0.4444,
09-01-2006,TATASTEEL,EQ,384.2,385.4,388.4,378.1,378.1,380.05,383.2,2411130,9.24E+13,,686410,0.2847,
10-01-2006,,EQ,380.05,379.85,380.75,371,371.5,372.25,375.42,1615455,6.06E+13,,402870,0.2494,
12-01-2006,TATASTEEL,EQ,372.25,370,374.5,365.15,369.7,369.3,369.75,2375032,8.78E+13,,563612,0.2373,
13-01-2006,TATASTEEL,EQ,369.3,378,378,366,366.3,367.15,368.96,1605482,5.92E+13,,503937,0.3139,
16-01-2006,TATASTEEL,EQ,367.15,367,367,354.7,355,356.25,359.35,2678074,9.62E+13,,1093428,0.4083,
17-01-2006,TATASTEEL,EQ,356.25,356.8,358.8,347.15,348,348.6,352.57,2775984,9.79E+13,,1064838,0.3836,
18-01-2006,TATASTEEL,EQ,348.6,400,400,343.6,350.7,351.15,348.25,2304380,8.03E+13,,686397,0.2979,
19-01-2006,TATASTEEL,EQ,351.15,352.9,361.5,352.55,360.6,360.45,358.29,2508658,8.99E+13,,1158940,0.462,
20-01-2006,TATASTEEL,EQ,360.45,363,368.75,360.5,361.6,362.15,364.67,4443070,1.62E+14,,2229326,0.5018,
23-01-2006,TATASTEEL,EQ,362.15,360.5,361.95,348.9,355.8,357.1,356.29,5278857,1.88E+14,,1241153,0.2351,
24-01-2006,TATASTEEL,EQ,357.1,358.1,366.7,354.1,363.75,364.45,362.43,2938094,1.06E+14,,1095148,0.3727,
25-01-2006,,EQ,364.45,365.85,368,360.1,360.25,363.25,364.35,1719067,6.26E+13,,621185,0.3614,
27-01-2006,TATASTEEL,EQ,363.25,365,402.8,364.9,399,395.35,384.57,9099294,3.50E+14,,4271722,0.4695,
30-01-2006,TATASTEEL,EQ,395.35,390.55,402.8,376.85,395,396.95,391.52,8493368,3.33E+14,,2401410,0.2827,
31-01-2006,TATASTEEL,EQ,396.95,394.7,407.5,394.7,404.3,404.45,402.42,6885286,2.77E+14,,2053316,0.2982,
01-02-2006,TATASTEEL,EQ,404.45,406,406,394.7,399,397.5,399.05,7024370,2.80E+14,,2903902,0.4134,
02-02-2006,TATASTEEL,EQ,397.5,399,406.75,398.25,402.25,402.05,402.52,5078888,2.04E+14,,1472858,0.29,
03-02-2006,,EQ,402.05,400.2,404,396.05,401.25,400.85,400.91,3013566,1.21E+14,,954747,0.3168,
06-02-2006,,EQ,400.85,400,411.8,395,407.1,406.9,406.58,3447241,1.40E+14,,802057,0.2327,
07-02-2006,TATASTEEL,EQ,406.9,406.9,414.2,406.15,408.1,408.75,410.16,2375175,9.74E+13,,415253,0.1748,
08-02-2006,TATASTEEL,EQ,408.75,408.75,408.75,390.5,391.5,392.25,396.73,,1.46E+14,,1186288,0.3218,
10-02-2006,TATASTEEL,EQ,392.25,394.95,398.8,387.05,388.3,389.25,390.8,3460096,1.35E+14,,988348,0.2856,
13-02-2006,TATASTEEL,EQ,389.25,390,396.1,388.8,390.6,392.15,392.44,2045570,8.03E+13,,310149,0.1516,
14-02-2006,TATASTEEL,EQ,392.15,392.3,393.4,381.2,383.4,383.5,387.38,1747274,6.77E+13,,363022,0.2078,
15-02-2006,TATASTEEL,EQ,383.5,385,389.2,379.1,385.1,387.85,384.39,2472242,9.50E+13,,453136,0.1833,
16-02-2006,TATASTEEL,EQ,387.85,390.2,394,385.3,390.25,391.8,391.51,2349623,9.20E+13,,564878,0.2404,
17-02-2006,TATASTEEL,EQ,391.8,393,397.9,384.7,385.65,386.8,393.13,2864344,1.13E+14,,672211,0.2347,
20-02-2006,TATASTEEL,EQ,386.8,386.25,397,385,396.5,395.15,391.2,2831223,1.11E+14,,1300645,0.4594,
21-02-2006,,EQ,395.15,397,407,396.8,403.55,402.95,403.23,3803351,1.53E+14,,1504842,0.3957,
22-02-2006,TATASTEEL,EQ,402.95,405,412.9,403,412.2,411.5,409.08,3243827,1.33E+14,,924751,0.2851,
23-02-2006,TATASTEEL,EQ,411.5,412.05,425,412.05,418.75,418.65,419.81,4727914,1.98E+14,,1575180,0.3332,
24-02-2006,TATASTEEL,EQ,418.65,420,428.95,418.1,423.65,423.3,424.15,4545348,1.93E+14,,658129,0.1448,
27-02-2006,TATASTEEL,EQ,423.3,427.8,428.6,421.3,421.9,422.1,424.78,1406861,5.98E+13,,268977,0.1912,
28-02-2006,TATASTEEL,EQ,422.1,424.45,437.85,412,431.25,431,426.16,5336332,2.27E+14,,815764,0.1529,
01-03-2006,TATASTEEL,EQ,431,431.3,447,425.2,445.6,442.3,436.49,4599775,2.01E+14,,789165,0.1716,
02-03-2006,TATASTEEL,EQ,442.3,447,459,446.65,449.9,449.95,453.28,4521573,2.05E+14,,773939,0.1712,
03-03-2006,TATASTEEL,EQ,449.95,451,457.55,447.15,457.5,454.25,452.59,3902168,1.77E+14,,865549,0.2218,
06-03-2006,TATASTEEL,EQ,454.25,455.35,475,455.35,474,473.3,467.11,3710160,1.73E+14,,757046,0.204,
07-03-2006,TATASTEEL,EQ,473.3,473.3,474.8,450.15,469,468.3,469.01,3519777,1.65E+14,,839432,0.2385,
08-03-2006,TATASTEEL,EQ,468.3,466,467.9,441.55,442,443.75,454.34,3850112,1.75E+14,,833799,0.2166,
09-03-2006,TATASTEEL,EQ,443.75,445.05,454.45,433.25,454,451.6,443.86,4712128,2.09E+14,,739749,0.157,
10-03-2006,TATASTEEL,EQ,451.6,454,464.8,454,455.25,455.65,458.95,2384057,1.09E+14,,514522,0.2158,
13-03-2006,TATASTEEL,EQ,455.65,458.85,464.9,454.7,459.85,460.25,460.55,2428331,1.12E+14,,551870,0.2273,
14-03-2006,,EQ,460.25,461.9,468.4,455.7,457.75,458.85,462.03,3101948,1.43E+14,,403085,0.1299,
16-03-2006,TATASTEEL,EQ,458.85,461.45,473,461,472,469.85,465.91,2998936,1.40E+14,,602699,0.201,
17-03-2006,,EQ,469.85,470.5,473.4,461.05,461.5,462.3,466.63,1804819,8.42E+13,,356139,0.1973,
20-03-2006,TATASTEEL,EQ,462.3,463,468.4,463,467.4,467.1,466.42,1306918,6.10E+13,,279529,0.2139,
21-03-2006,TATASTEEL,EQ,467.1,468.4,477,465.15,469.95,468.2,472.04,2978054,1.41E+14,,496165,0.1666,
22-03-2006,TATASTEEL,EQ,468.2,468.35,475,464.1,470.15,469.3,469.71,2955830,1.39E+14,,597536,0.2022,
23-03-2006,TATASTEEL,EQ,469.3,470.1,488.8,461,484.4,485.3,477.83,5233491,2.50E+14,,839238,0.1604,
24-03-2006,TATASTEEL,EQ,485.3,485.1,494.8,484.5,494.1,493.4,490.51,3670933,1.80E+14,,641469,0.1747,
27-03-2006,TATASTEEL,EQ,493.4,494.8,520.4,494.8,517.9,517.85,512.14,4745007,2.43E+14,,1399008,0.2948,
28-03-2006,TATASTEEL,EQ,517.85,520,525,510.15,522.25,522.2,517.58,3804631,1.97E+14,,706246,0.1856,
29-03-2006,TATASTEEL,EQ,522.2,523.2,525.85,516.45,521.5,522.25,521.55,2453337,1.28E+14,,663054,0.2703,
30-03-2006,TATASTEEL,EQ,522.25,523,534.8,514.1,520.7,521.75,527.47,5885865,3.10E+14,,3040804,0.5166,
31-03-2006,TATASTEEL,EQ,521.75,523.9,542.5,521.25,537.8,536.5,534.72,3874417,2.07E+14,,862389,0.2226,
03-04-2006,TATASTEEL,EQ,536.5,541,546.8,539.4,543.55,543.1,542.89,2067782,1.12E+14,,451687,0.2184,
04-04-2006,TATASTEEL,EQ,543.1,545,547.9,534.2,543.5,542.7,541.72,3404603,1.84E+14,,389782,0.1145,
05-04-2006,TATASTEEL,EQ,542.7,544.45,546.9,539.1,542.5,542.3,542.69,,8.43E+13,,161197,0.1038,
07-04-2006,TATASTEEL,EQ,542.3,544.45,560,538,539.5,540.75,549.59,3325538,1.83E+14,,565521,0.1701,
10-04-2006,,EQ,540.75,555,618,538.5,579.9,578.85,561.2,5407362,3.03E+14,,745344,0.1378,
12-04-2006,TATASTEEL,EQ,578.85,580,598.75,552.3,553,558.5,577.18,5015414,2.89E+14,,759221,0.1514,
13-04-2006,TATASTEEL,EQ,558.5,559,574.8,531.05,563.9,564.75,556.06,5285501,2.94E+14,,544047,0.1029,
17-04-2006,TATASTEEL,EQ,564.75,568.9,597.35,566.85,595.25,595.3,583.86,4888818,2.85E+14,,671934,0.1374,
18-04-2006,TATASTEEL,EQ,595.3,597.35,601.25,584,589.2,589.6,593.03,3033086,1.80E+14,,377420,0.1244,
19-04-2006,TATASTEEL,EQ,589.6,594.85,616.45,592.05,609.25,608.75,606.59,5382418,3.26E+14,,942366,0.1751,
20-04-2006,TATASTEEL,EQ,608.75,615.8,646.4,610,644.75,643.9,631.14,6592449,4.16E+14,,884124,0.1341,
21-04-2006,TATASTEEL,EQ,643.9,641.25,666.4,575.1,651.25,654.45,643.01,8056027,5.18E+14,,1163074,0.1444,
24-04-2006,TATASTEEL,EQ,654.45,655,668.9,642,650.65,653.45,660.33,4063688,2.68E+14,,824237,0.2028,
25-04-2006,TATASTEEL,EQ,653.45,653.5,653.9,618,621.1,623,634.27,4963778,3.15E+14,,608066,0.1225,
26-04-2006,TATASTEEL,EQ,623,622.8,658.8,621,652,655.35,642.87,4589313,2.95E+14,,724717,0.1579,
27-04-2006,TATASTEEL,EQ,655.35,658.8,745,634.1,639.5,637.9,653.45,6219436,4.06E+14,,1340548,0.2155,
28-04-2006,TATASTEEL,EQ,637.9,616.4,639.4,601,638.5,634.15,625.07,5529739,3.46E+14,,518391,0.0937,
29-04-2006,TATASTEEL,EQ,634.15,639.4,654.9,639.4,644.25,645.85,648.81,1498357,9.72E+13,,194175,0.1296,
02-05-2006,TATASTEEL,EQ,645.85,649.1,676.7,649.1,669.25,671.05,665.39,4500387,2.99E+14,,866695,0.1926,
03-05-2006,,EQ,671.05,674.8,680,657.6,666,665.4,667.94,4020730,2.69E+14,,603154,0.15,
04-05-2006,TATASTEEL,EQ,665.4,667,672.9,650.6,655.5,656.25,662.9,3122762,2.07E+14,,512400,0.1641,
05-05-2006,,EQ,656.25,662,670.9,631.3,641,640.45,651.57,4543267,2.96E+14,,631593,0.139,
08-05-2006,TATASTEEL,EQ,640.45,648.4,659,641.8,643.8,644.5,648.85,2452594,1.59E+14,,311101,0.1268,
09-05-2006,TATASTEEL,EQ,644.5,650,664.8,633.25,659.35,659.95,651.58,4607690,3.00E+14,,483835,0.105,
10-05-2006,TATASTEEL,EQ,659.95,664.8,675,662.05,668,668.1,668.86,4167950,2.79E+14,,730578,0.1753,
11-05-2006,TATASTEEL,EQ,668.1,675,675.4,634.2,640.6,639.05,653.19,4585216,3.00E+14,,1371136,0.299,
12-05-2006,TATASTEEL,EQ,639.05,639.9,658,625.4,646.5,643.85,646.93,4940660,3.20E+14,,386490,0.0782,
15-05-2006,TATASTEEL,EQ,643.85,644,647,572.35,574,586.65,612.47,9410320,5.76E+14,,2540815,0.27,
16-05-2006,TATASTEEL,EQ,586.65,583.8,592,525.5,572.4,574.25,556.53,10314199,5.74E+14,,2519320,0.2443,
17-05-2006,TATASTEEL,EQ,574.25,590,618.5,583,617.45,611.9,606.6,6914729,4.19E+14,,1359743,0.1966,
18-05-2006,TATASTEEL,EQ,611.9,610,610,530.2,532.9,545.05,566.94,9533768,5.41E+14,,2151443,0.2257,
19-05-2006,TATASTEEL,EQ,545.05,570,570,495,510,504.3,523.49,,4.56E+14,,2413192,0.2768,
22-05-2006,TATASTEEL,EQ,504.3,510,512,430,463,470.9,477.91,4973313,2.38E+14,,1377232,0.2769,
23-05-2006,TATASTEEL,EQ,470.9,472,514,443,514,510.75,488.33,4334583,2.12E+14,,720947,0.1663,
24-05-2006,TATASTEEL,EQ,510.75,519.9,527,476.5,480.2,483.9,506.92,4470864,2.27E+14,,735471,0.1645,
25-05-2006,TATASTEEL,EQ,483.9,478.7,524.7,464,515.6,515.85,499.01,5945449,2.97E+14,,1316706,0.2215,
26-05-2006,TATASTEEL,EQ,515.85,516,557,510,539,538.95,541.44,7846832,4.25E+14,,1247023,0.1589,
29-05-2006,TATASTEEL,EQ,538.95,545,570,539,569,562.15,552.41,5909784,3.26E+14,,917971,0.1553,
30-05-2006,TATASTEEL,EQ,562.15,568.8,568.8,540,540.25,547,557.3,4133593,2.30E+14,,364732,0.0882,
31-05-2006,TATASTEEL,EQ,547,538,538,492.65,515.45,517.2,512.18,6600982,3.38E+14,,472991,0.0717,
01-06-2006,TATASTEEL,EQ,517.2,530,532.4,480.25,485.45,488.95,512.36,5589420,2.86E+14,,503770,0.0901,
02-06-2006,TATASTEEL,EQ,488.95,490,522,481,519.5,517.8,501.98,5559379,2.79E+14,,573547,0.1032,
05-06-2006,TATASTEEL,EQ,517.8,531.1,540,490.4,492,494.4,512.6,4586344,2.35E+14,,365117,0.0796,
06-06-2006,TATASTEEL,EQ,494.4,480.05,501.5,472.3,473.8,480.35,486.57,5302756,2.58E+14,,432699,0.0816,
07-06-2006,TATASTEEL,EQ,480.35,473.15,487.45,450,460.1,460.9,468.1,5643300,2.64E+14,,574228,0.1018,
08-06-2006,TATASTEEL,EQ,460.9,460,460,418.1,420.6,424.9,437.37,5185540,2.27E+14,,596978,0.1151,
09-06-2006,TATASTEEL,EQ,424.9,425,460.9,421,456,456.05,448.96,4405620,1.98E+14,,532029,0.1208,
12-06-2006,TATASTEEL,EQ,456.05,448,460,421.5,422,426.85,434.87,4543500,1.98E+14,,502065,0.1105,
13-06-2006,TATASTEEL,EQ,426.85,421.5,421.5,385,386,388.1,398.04,4799905,1.91E+14,,734387,0.153,
14-06-2006,TATASTEEL,EQ,388.1,397,410,375.65,390.9,384.15,394.35,5002309,1.97E+14,,846873,0.1693,
15-06-2006,TATASTEEL,EQ,384.15,398,415.9,393,414,413.8,406.57,5778689,2.35E+14,,985866,0.1706,
16-06-2006,TATASTEEL,EQ,413.8,420.25,474,420.25,472.25,460.3,451.6,8222578,3.71E+14,,2100547,0.2555,
19-06-2006,TATASTEEL,EQ,460.3,471.2,482.85,456.1,479,476.4,470.09,4817206,2.26E+14,,724903,0.1505,
20-06-2006,TATASTEEL,EQ,476.4,470,472.9,454,466.5,465.85,464.92,4919242,2.29E+14,,1061268,0.2157,
21-06-2006,,EQ,465.85,467,482,457,477.55,477.9,475.97,2981900,1.42E+14,,150705,0.0505,
22-06-2006,TATASTEEL,EQ,477.9,490,499.9,482.1,483.55,489.5,494.23,2859799,1.41E+14,,423054,0.1479,
23-06-2006,TATASTEEL,EQ,489.5,485,521.85,472.5,518.9,512.6,495.6,5679425,2.81E+14,,526849,0.0928,
25-06-2006,TATASTEEL,EQ,512.6,518.9,535.9,515.5,529.35,532.35,530.12,1695821,8.99E+13,,188345,0.1111,
26-06-2006,TATASTEEL,EQ,532.35,545,546,490,492,496.75,521.99,8364919,4.37E+14,,821198,0.0982,
27-06-2006,TATASTEEL,EQ,496.75,499,525,478.1,516.3,518.55,504.39,11463168,5.78E+14,,570127,0.0497,
28-06-2006,TATASTEEL,EQ,518.55,470,519.4,470,518,514.3,510.22,5346226,2.73E+14,,385036,0.072,
29-06-2006,TATASTEEL,EQ,514.3,530,540,505.35,507.5,509.7,519.78,5012194,2.61E+14,,776075,0.1548,
30-06-2006,TATASTEEL,EQ,509.7,522,539.95,520,533.45,533.65,533.52,5003640,2.67E+14,,1070162,0.2139,
03-07-2006,TATASTEEL,EQ,533.65,537,544.9,501.25,541,542.25,538.52,3826580,2.06E+14,,344340,0.09,
04-07-2006,TATASTEEL,EQ,542.25,545,549,535.6,537.35,537.8,543.1,5029134,2.73E+14,,1087052,0.2162,
05-07-2006,TATASTEEL,EQ,537.8,535.6,565,530,562.95,563.65,554.22,6678137,3.70E+14,,1209739,0.1811,
06-07-2006,TATASTEEL,EQ,563.65,550,566.1,540,548.55,547.35,554.2,6296730,3.49E+14,,899884,0.1429,
07-07-2006,TATASTEEL,EQ,547.35,555,558.85,516.75,525,522.9,541.23,5727853,3.10E+14,,755139,0.1318,
10-07-2006,TATASTEEL,EQ,522.9,523.5,530.5,511.3,527.75,527.55,519.68,5761387,2.99E+14,,305575,0.053,
11-07-2006,TATASTEEL,EQ,527.55,530,530,510,513.5,514.5,517.52,,2.37E+14,,263137,0.0574,
12-07-2006,TATASTEEL,EQ,514.5,500,522.4,500,517.9,519.95,513.02,5399869,2.77E+14,,371955,0.0689,
13-07-2006,TATASTEEL,EQ,519.95,522,528.8,511,519,519.3,520.2,4221209,2.20E+14,,368753,0.0874,
14-07-2006,TATASTEEL,EQ,519.3,512,514.25,503,512.5,511.35,510,2977454,1.52E+14,,230748,0.0775,
17-07-2006,TATASTEEL,EQ,511.35,512,512,492.1,493,494.45,500.49,3207246,1.61E+14,,349143,0.1089,
18-07-2006,TATASTEEL,EQ,494.45,494.5,499.5,474.05,480,477.75,482.42,3458530,1.67E+14,,478288,0.1383,
19-07-2006,TATASTEEL,EQ,477.75,488,490.9,456.55,463.25,460.2,471.14,3553357,1.67E+14,,277003,0.078,
20-07-2006,,EQ,460.2,470,490.9,461,487.05,487.05,478.41,4538661,2.17E+14,,347668,0.0766,
21-07-2006,TATASTEEL,EQ,487.05,487,487.3,466.1,486,483.05,478.09,7193963,3.44E+14,,481690,0.067,
24-07-2006,TATASTEEL,EQ,483.05,477,481.8,461.15,480,479,473.41,4429284,2.10E+14,,286658,0.0647,
25-07-2006,TATASTEEL,EQ,479,485.1,497.5,485,492.2,495.6,491.43,4483258,2.20E+14,,754641,0.1683,
26-07-2006,TATASTEEL,EQ,495.6,495,503.7,488.15,492.1,496.45,498.29,3806939,1.90E+14,,644560,0.1693,
27-07-2006,TATASTEEL,EQ,496.45,499,502,486.6,499.3,497.75,496.1,4115538,2.04E+14,,925579,0.2249,
28-07-2006,TATASTEEL,EQ,497.75,405,509.65,405,493,497.7,503.09,3979322,2.00E+14,,303812,0.0763,
31-07-2006,TATASTEEL,EQ,497.7,500,509,493.2,494.05,496.2,502.7,3244587,1.63E+14,,254852,0.0785,
01-08-2006,TATASTEEL,EQ,496.2,493.3,499.4,487,497.5,496.4,493.18,2750024,1.36E+14,,156216,0.0568,
02-08-2006,TATASTEEL,EQ,496.4,496,514,493.1,513.05,511.05,502.98,3500099,1.76E+14,,418270,0.1195,
03-08-2006,TATASTEEL,EQ,511.05,517,520,505.55,506.9,509.7,515.27,2872503,1.48E+14,,389823,0.1357,
04-08-2006,TATASTEEL,EQ,509.7,510,522.4,505.2,510.95,510.5,515.19,4838673,2.49E+14,,456184,0.0943,
07-08-2006,TATASTEEL,EQ,510.5,509.95,512.5,502.1,503.05,503.85,507.59,2709565,1.38E+14,,353534,0.1305,
08-08-2006,TATASTEEL,EQ,503.85,505,512.45,505,510,511.15,509.92,1864105,9.51E+13,,156035,0.0837,
09-08-2006,TATASTEEL,EQ,511.15,517,523.8,506.5,517.1,516.9,517.98,3224609,1.67E+14,,388109,0.1204,
10-08-2006,TATASTEEL,EQ,516.9,517.5,522,510.55,514.9,516.15,516.31,2127465,1.10E+14,,223296,0.105,
11-08-2006,TATASTEEL,EQ,516.15,518,529,513.1,526.5,525.35,522.12,3573855,1.87E+14,,458918,0.1284,
14-08-2006,TATASTEEL,EQ,525.35,527,535.4,527,531.4,531.7,532.53,1689982,9.00E+13,,209314,0.1239,
16-08-2006,TATASTEEL,EQ,531.7,537,542.8,529.6,530.9,532.45,537.7,2291736,1.23E+14,,420909,0.1837,
17-08-2006,TATASTEEL,EQ,532.45,537,537,516.5,517.2,518.65,522.95,3090585,1.62E+14,,575752,0.1863,
18-08-2006,TATASTEEL,EQ,518.65,517.3,519,508.15,512.55,513,512.32,2553849,1.31E+14,,413279,0.1618,
21-08-2006,TATASTEEL,EQ,513,510,511.9,503.1,508.55,508.05,507.79,3270065,1.66E+14,,1053467,0.3222,
22-08-2006,TATASTEEL,EQ,508.05,512.4,520.9,511.75,512.95,515.45,516.95,2323075,1.20E+14,,340584,0.1466,
23-08-2006,TATASTEEL,EQ,515.45,514,520.85,503.6,505.5,505.5,512.51,2387872,1.22E+14,,310361,0.13,
24-08-2006,TATASTEEL,EQ,505.5,505,519.95,500.2,519.05,517.45,509.02,2973951,1.51E+14,,548226,0.1843,
25-08-2006,TATASTEEL,EQ,517.45,520.1,532.5,520,526,525.75,526.45,3626257,1.91E+14,,842830,0.2324,
28-08-2006,TATASTEEL,EQ,525.75,527.8,531.5,525.05,526.7,527.55,528.16,,9.31E+13,,493057,0.2796,
29-08-2006,TATASTEEL,EQ,527.55,530,535.9,514.45,515.9,517.25,526.04,2796586,1.47E+14,,582967,0.2085,
30-08-2006,TATASTEEL,EQ,517.25,518,518,505.25,505.4,506.85,509.17,4001158,2.04E+14,,1346240,0.3365,
31-08-2006,TATASTEEL,EQ,506.85,508.1,511.7,495,497.8,496.25,501.77,4514082,2.27E+14,,1373036,0.3042,
01-09-2006,TATASTEEL,EQ,496.25,492.6,504.75,492.1,501.7,501.85,501.06,2614397,1.31E+14,,599872,0.2294,
04-09-2006,TATASTEEL,EQ,501.85,505,510,501.35,505,506.1,505.57,1524806,7.71E+13,,223733,0.1467,
05-09-2006,TATASTEEL,EQ,506.1,507,514.9,502.5,514,513.9,510.01,2887828,1.47E+14,,457818,0.1585,
06-09-2006,TATASTEEL,EQ,513.9,515,523.75,515,520.05,521.6,519.73,3433071,1.78E+14,,940867,0.2741,
07-09-2006,TATASTEEL,EQ,521.6,521,524.8,513.4,522.2,522.2,521.17,2473326,1.29E+14,,390916,0.1581,
08-09-2006,TATASTEEL,EQ,522.2,524.8,529.8,520.2,522.55,525.45,525.65,2407544,1.27E+14,,477685,0.1984,
11-09-2006,TATASTEEL,EQ,525.45,526.9,527.95,492.05,493,496.7,507.57,2859110,1.45E+14,,625772,0.2189,
12-09-2006,TATASTEEL,EQ,496.7,495.8,503.5,485,502.5,501,492.95,3215666,1.59E+14,,334697,0.1041,
13-09-2006,TATASTEEL,EQ,501,509,510.85,499.55,503,501.95,506.2,1980777,1.00E+14,,389773,0.1968,
14-09-2006,TATASTEEL,EQ,501.95,508.6,510.1,502.5,506.4,508.05,506.87,1768498,8.96E+13,,394866,0.2233,
15-09-2006,TATASTEEL,EQ,508.05,506,508,497.5,502.5,504.3,503.52,2030066,1.02E+14,,330666,0.1629,
18-09-2006,TATASTEEL,EQ,504.3,505,506.85,497.2,498,498.35,502.49,1892400,9.51E+13,,460782,0.2435,
19-09-2006,,EQ,498.35,501.5,506.5,485,487,488.3,498.58,2966470,1.48E+14,,991262,0.3342,
20-09-2006,TATASTEEL,EQ,488.3,494.5,499,484.45,498,496.15,493.45,2212951,1.09E+14,,373411,0.1687,
21-09-2006,TATASTEEL,EQ,496.15,503,505.75,500,503.5,502.95,502.92,2022420,1.02E+14,,597455,0.2954,
22-09-2006,TATASTEEL,EQ,502.95,502,506.9,493.05,496,496.8,498.99,2534958,1.26E+14,,912217,0.3599,
25-09-2006,TATASTEEL,EQ,496.8,499,513.5,491.55,507.5,507.7,506.93,4934933,2.50E+14,,1363190,0.2762,
26-09-2006,TATASTEEL,EQ,507.7,509.9,515.1,506.3,513.1,513.05,512,2619484,1.34E+14,,541103,0.2066,
27-09-2006,TATASTEEL,EQ,513.05,516,522.45,513.6,516.9,516.35,518.49,2539771,1.32E+14,,576838,0.2271,
28-09-2006,TATASTEEL,EQ,516.35,519,522.9,513.1,522.55,519.05,517.47,2771836,1.43E+14,,730357,0.2635,
29-09-2006,TATASTEEL,EQ,519.05,525,537.35,523,535,535.65,531.71,4773436,2.54E+14,,1737244,0.3639,
03-10-2006,TATASTEEL,EQ,535.65,538.4,542.3,533.2,533.6,534.95,537.61,1890532,1.02E+14,,198988,0.1053,
04-10-2006,TATASTEEL,EQ,534.95,536,538.7,522,524,523.75,529.52,2104637,1.11E+14,,303687,0.1443,
05-10-2006,TATASTEEL,EQ,523.75,532.75,548.7,530,539.5,537.4,534.87,2104478,1.13E+14,,444755,0.2113,
06-10-2006,TATASTEEL,EQ,537.4,542,547.4,533.25,536.5,536.6,541.13,3751857,2.03E+14,,1044829,0.2785,
09-10-2006,TATASTEEL,EQ,536.6,537.7,538,524.5,527.25,526.3,528.77,3627167,1.92E+14,,1605713,0.4427,
10-10-2006,TATASTEEL,EQ,526.3,529.95,534,516,517.9,517.9,523.46,5730807,3.00E+14,,2552840,0.4455,
11-10-2006,TATASTEEL,EQ,517.9,517,524,505.2,506.4,507.1,514.37,2716608,1.40E+14,,714038,0.2628,
12-10-2006,TATASTEEL,EQ,507.1,507.5,517.5,505,517,516.25,511.95,2198229,1.13E+14,,360539,0.164,
13-10-2006,TATASTEEL,EQ,516.25,520,522.8,509.5,511.15,511.7,514.87,2461111,1.27E+14,,741483,0.3013,
16-10-2006,TATASTEEL,EQ,511.7,515,519.7,510.6,511.9,511.75,514.99,1833331,9.44E+13,,617643,0.3369,
17-10-2006,TATASTEEL,EQ,511.75,515,518.4,510,513.5,515.65,515.61,2465771,1.27E+14,,987335,0.4004,
18-10-2006,TATASTEEL,EQ,515.65,520,522,505.6,509.5,509,515.13,6381960,3.29E+14,,3185513,0.4991,
19-10-2006,TATASTEEL,EQ,509,512.9,512.9,498.65,501.75,502.15,505.41,3262741,1.65E+14,,1157976,0.3549,
20-10-2006,TATASTEEL,EQ,502.15,509,520.9,504.5,509.1,508.4,512.87,7113646,3.65E+14,,2403670,0.3379,
21-10-2006,TATASTEEL,EQ,508.4,525,525.5,513,516,516,515.48,1759989,9.07E+13,,615965,0.35,
23-10-2006,TATASTEEL,EQ,516,515,518.7,507.05,508.5,508.8,511.07,1638079,8.37E+13,,468130,0.2858,
26-10-2006,TATASTEEL,EQ,508.8,511.25,511.25,498.65,502,500.55,503.08,5116631,2.57E+14,,1868561,0.3652,
27-10-2006,TATASTEEL,EQ,500.55,504.8,508.25,497.2,500.5,500.55,501.28,3820601,1.92E+14,,1632447,0.4273,
30-10-2006,TATASTEEL,EQ,500.55,499.8,505,496.35,496.55,498.15,500.87,,1.05E+14,,599892,0.2857,
31-10-2006,TATASTEEL,EQ,498.15,504,504.7,487.25,492.05,490.45,494.45,3215811,1.59E+14,,829820,0.258,
01-11-2006,TATASTEEL,EQ,490.45,495.5,496,488.25,490,489.9,491.88,2436532,1.20E+14,,803029,0.3296,
02-11-2006,TATASTEEL,EQ,489.9,490.1,495.45,485.55,486.6,486.8,490.26,2079532,1.02E+14,,817212,0.393,
03-11-2006,TATASTEEL,EQ,486.8,491.5,495,484.65,492.4,492.65,490.58,2366208,1.16E+14,,413559,0.1748,
06-11-2006,TATASTEEL,EQ,492.65,494.9,508.8,491.65,506.8,506.4,500.91,3101846,1.55E+14,,811973,0.2618,
07-11-2006,TATASTEEL,EQ,506.4,507.05,512,495,495.8,497.2,503.46,4045841,2.04E+14,,1570090,0.3881,
08-11-2006,TATASTEEL,EQ,497.2,497,501.9,488.55,494.45,494.15,495.65,3531727,1.75E+14,,1147640,0.325,
09-11-2006,TATASTEEL,EQ,494.15,498.4,504.95,492.2,504,502.1,498.39,2909735,1.45E+14,,1160282,0.3988,
10-11-2006,TATASTEEL,EQ,502.1,505,505.4,497.45,501.7,502.3,501.93,2058886,1.03E+14,,626504,0.3043,
13-11-2006,TATASTEEL,EQ,502.3,504,505,496.05,496.9,497.1,499.06,1199536,5.99E+13,,213700,0.1782,
14-11-2006,TATASTEEL,EQ,497.1,498,501,490.1,491.05,491.65,493.71,1815630,8.96E+13,,503104,0.2771,
15-11-2006,TATASTEEL,EQ,491.65,491.5,493,485,485.5,486.2,488.65,1832973,8.96E+13,,619375,0.3379,
16-11-2006,TATASTEEL,EQ,486.2,489,494.4,480,480.5,482.3,486.31,4477865,2.18E+14,,1525794,0.3407,
17-11-2006,TATASTEEL,EQ,482.3,485,486.6,473.6,475.6,476.35,478.8,2801783,1.34E+14,,634677,0.2265,
20-11-2006,TATASTEEL,EQ,476.35,475,476.35,458.55,462.2,462.3,462.29,3563211,1.65E+14,,1493246,0.4191,
21-11-2006,TATASTEEL,EQ,462.3,464.4,478.5,462,477,475.7,472.63,3734441,1.77E+14,,1509025,0.4041,
22-11-2006,TATASTEEL,EQ,475.7,480.05,480.05,466.85,471.3,473.05,472.45,2125050,1.00E+14,,637347,0.2999,
23-11-2006,TATASTEEL,EQ,473.05,478.7,480,469.25,470.1,471.05,475.14,2405361,1.14E+14,,789737,0.3283,
24-11-2006,TATASTEEL,EQ,471.05,471,485.95,470.15,483.1,483.1,481.16,3577650,1.72E+14,,1236626,0.3457,
27-11-2006,TATASTEEL,EQ,483.1,486,489.7,480.5,481,482.35,484.99,1722104,8.35E+13,,536916,0.3118,
28-11-2006,TATASTEEL,EQ,482.35,479.95,479.95,462.35,477,476,475.44,1546727,7.35E+13,,518226,0.335,
29-11-2006,TATASTEEL,EQ,476,479.7,482,475,475.7,477.4,479.43,1265841,6.07E+13,,407046,0.3216,
30-11-2006,TATASTEEL,EQ,477.4,479.7,480.95,466.1,467.95,467.9,470.8,4465266,2.10E+14,,2279297,0.5105,
01-12-2006,TATASTEEL,EQ,467.9,470,473,466.5,467.8,468.15,469.43,1012189,4.75E+13,,338216,0.3341,
04-12-2006,TATASTEEL,EQ,468.15,471.7,473.25,467.1,469,468.55,469.97,818483,3.85E+13,,211837,0.2588,
05-12-2006,TATASTEEL,EQ,468.55,474.7,495,471.1,494.7,493.05,484.76,3987711,1.93E+14,,1316107,0.33,
06-12-2006,TATASTEEL,EQ,493.05,495,502,483.35,489,491.05,493.73,4193468,2.07E+14,,653252,0.1558,
07-12-2006,TATASTEEL,EQ,491.05,490,496.5,485,491.25,492.05,492.13,1742224,8.57E+13,,368009,0.2112,
08-12-2006,TATASTEEL,EQ,492.05,493,493,478,479.9,484.7,488.16,2282372,1.11E+14,,591554,0.2592,
11-12-2006,TATASTEEL,EQ,484.7,484,489.55,425.1,449.7,453.85,458.56,6868439,3.15E+14,,2818462,0.4103,
12-12-2006,TATASTEEL,EQ,453.85,452.85,463.7,434,439.2,441.4,452.59,5308681,2.40E+14,,2610076,0.4917,
13-12-2006,TATASTEEL,EQ,441.4,441.9,444.8,424.75,435.3,436.55,432.98,6785907,2.94E+14,,2953606,0.4353,
14-12-2006,TATASTEEL,EQ,436.55,444.4,444.4,432.75,434.8,435.8,436.7,4013481,1.75E+14,,2272178,0.5661,
15-12-2006,TATASTEEL,EQ,435.8,442,461.8,438,460,459.15,454.59,5823278,2.65E+14,,1992941,0.3422,
18-12-2006,,EQ,459.15,465,470,455,469,468.15,463.64,3114791,1.44E+14,,734041,0.2357,
19-12-2006,TATASTEEL,EQ,468.15,469,475.4,451.6,453.25,455.05,464.26,,1.52E+14,,793124,0.2428,
20-12-2006,TATASTEEL,EQ,455.05,460,474,451,466.45,465.1,463.41,4088765,1.89E+14,,1445403,0.3535,
21-12-2006,TATASTEEL,EQ,465.1,466,473,461,469.5,468.4,468.03,2200105,1.03E+14,,758794,0.3449,
22-12-2006,TATASTEEL,EQ,468.4,469,480,466.2,479,478.6,474.16,1970254,9.34E+13,,560070,0.2843,
26-12-2006,TATASTEEL,EQ,478.6,486.8,488.35,473,476,477.75,477.67,1700032,8.12E+13,,518015,0.3047,
27-12-2006,TATASTEEL,EQ,477.75,479.5,484.4,477,479.3,481.1,480.7,1953015,9.39E+13,,731187,0.3744,
28-12-2006,TATASTEEL,EQ,481.1,482.9,487.8,474.25,477.5,476.45,479.15,4021020,1.93E+14,,2335875,0.5809,
29-12-2006,TATASTEEL,EQ,476.45,478,485.5,477.3,485,482.25,481.23,1705530,8.21E+13,,792785,0.4648,
02-01-2007,TATASTEEL,EQ,482.25,481,488.8,475.1,476,478.7,481.03,1034256,4.98E+13,,181735,0.1757,
03-01-2007,TATASTEEL,EQ,478.7,479,481.75,470.1,470.55,471.45,474.8,1452980,6.90E+13,,403089,0.2774,
04-01-2007,TATASTEEL,EQ,471.45,473.45,475,460.6,464,465.8,467.62,1796599,8.40E+13,,410374,0.2284,
05-01-2007,TATASTEEL,EQ,465.8,466,472,457.65,471.9,468.65,463.89,3036784,1.41E+14,,1310505,0.4315,
08-01-2007,TATASTEEL,EQ,468.65,472.25,472.25,462,465,463.95,465.66,1332410,6.20E+13,,423597,0.3179,
09-01-2007,TATASTEEL,EQ,463.95,469,469,453.5,454.85,454.95,459.59,1588637,7.30E+13,,653376,0.4113,
10-01-2007,TATASTEEL,EQ,454.95,454,460.9,450.1,452.45,452.05,455.23,1660295,7.56E+13,,645309,0.3887,
11-01-2007,TATASTEEL,EQ,452.05,453.25,463.9,451.1,463,462.1,457.99,982555,4.50E+13,,317474,0.3231,
12-01-2007,TATASTEEL,EQ,462.1,464.95,470.7,464,468,468.15,467.57,1513973,7.08E+13,,599382,0.3959,
15-01-2007,TATASTEEL,EQ,468.15,470,487.8,468.3,487.15,486,480.68,2404323,1.16E+14,,567968,0.2362,
16-01-2007,TATASTEEL,EQ,486,488,493.4,481,481.65,482.45,487.41,2366407,1.15E+14,,816675,0.3451,
17-01-2007,TATASTEEL,EQ,482.45,484.55,492,481.15,484.4,484.1,487.05,1713014,8.34E+13,,487843,0.2848,
18-01-2007,TATASTEEL,EQ,484.1,485,487.8,473.3,477.05,475.75,481.65,2066863,9.96E+13,,718012,0.3474,
19-01-2007,TATASTEEL,EQ,475.75,480,480,463.15,466.4,467.8,467.72,2348366,1.10E+14,,1180764,0.5028,
22-01-2007,TATASTEEL,EQ,467.8,471,475.45,465.5,471.5,471.35,470.9,1519368,7.15E+13,,730718,0.4809,
23-01-2007,,EQ,471.35,472.25,472.25,462.6,463.1,464.6,467.44,1138417,5.32E+13,,551138,0.4841,
24-01-2007,TATASTEEL,EQ,464.6,466.8,485,464.9,483.65,480.8,474.02,3943407,1.87E+14,,2832183,0.7182,
25-01-2007,TATASTEEL,EQ,480.8,485,512.5,484.25,506.75,510.1,504.26,9331695,4.71E+14,,4731818,0.5071,
29-01-2007,TATASTEEL,EQ,510.1,511.7,520.9,505.2,519.95,519.25,515.26,6687125,3.45E+14,,4124975,0.6169,
31-01-2007,TATASTEEL,EQ,519.25,514,539,461.1,462,464.9,475.61,19970424,9.50E+14,,9764116,0.4889,
01-02-2007,TATASTEEL,EQ,464.9,469.9,472,451.6,459.35,457.4,457.83,,5.40E+14,,5663000,0.4802,
02-02-2007,TATASTEEL,EQ,457.4,483,483,459.35,461.9,462.65,466.36,10028325,4.68E+14,,5415054,0.54,
05-02-2007,TATASTEEL,EQ,462.65,463,472.45,455.45,471.45,470,465.62,4253803,1.98E+14,,1396219,0.3282,
06-02-2007,TATASTEEL,EQ,470,472,475,463.4,465,464.9,469.39,3451711,1.62E+14,,1359746,0.3939,
07-02-2007,TATASTEEL,EQ,464.9,466.45,469.2,461.5,463,464.55,465.05,2672591,1.24E+14,,1167412,0.4368,
08-02-2007,TATASTEEL,EQ,464.55,465,465,458.25,461,462.65,462.27,1763504,8.15E+13,,662046,0.3754,
09-02-2007,TATASTEEL,EQ,462.65,463,464.4,451.3,454.7,453.3,456.24,2074823,9.47E+13,,644390,0.3106,
12-02-2007,TATASTEEL,EQ,453.3,453.5,458.7,442.55,442.7,443.8,449.47,4424250,1.99E+14,,2078642,0.4698,
13-02-2007,TATASTEEL,EQ,443.8,444,448,430,432.4,432.35,438.58,4254056,1.87E+14,,1700071,0.3996,
14-02-2007,TATASTEEL,EQ,432.35,435,442.9,426.25,440.9,438.55,436.66,4969246,2.17E+14,,2635320,0.5303,
15-02-2007,TATASTEEL,EQ,438.55,445,447,440.1,441.55,442.25,443.26,1973065,8.75E+13,,935801,0.4743,
19-02-2007,TATASTEEL,EQ,442.25,445,447.5,437.7,447,443.6,443.02,1556706,6.90E+13,,600027,0.3854,
20-02-2007,TATASTEEL,EQ,443.6,447,452.3,443,445,444.35,446.82,2380705,1.06E+14,,1173499,0.4929,
21-02-2007,TATASTEEL,EQ,444.35,445.6,458.25,441.25,457,455,450.63,2930120,1.32E+14,,1121207,0.3826,
22-02-2007,TATASTEEL,EQ,455,459,463.5,451.1,453,454.7,458.67,6118944,2.81E+14,,3624150,0.5923,
23-02-2007,TATASTEEL,EQ,454.7,456.2,466.9,454.1,459,460.25,460.5,6212536,2.86E+14,,2786241,0.4485,
26-02-2007,,EQ,460.25,462.3,475,459,472.45,470,470.04,6127100,2.88E+14,,3085764,0.5036,
27-02-2007,TATASTEEL,EQ,470,470.2,479.6,467.75,468,469,472.95,5075886,2.40E+14,,2231027,0.4395,
28-02-2007,TATASTEEL,EQ,469,441,464.8,439.2,441,442.5,453.23,5669552,2.57E+14,,2290135,0.4039,
01-03-2007,TATASTEEL,EQ,442.5,445.7,454.4,441.1,450.6,451.1,449.34,3517624,1.58E+14,,1390385,0.3953,
02-03-2007,TATASTEEL,EQ,451.1,455,465.65,440,441.3,443.45,456.06,5773008,2.63E+14,,2636099,0.4566,
05-03-2007,TATASTEEL,EQ,443.45,441.3,441.3,415.25,416.5,420.75,426.22,4512451,1.92E+14,,1698976,0.3765,
06-03-2007,TATASTEEL,EQ,420.75,424,429,404.25,420,419.25,417.68,4535674,1.89E+14,,1680856,0.3706,
07-03-2007,TATASTEEL,EQ,419.25,422.2,427.7,405.15,413.05,413.25,413.99,3622990,1.50E+14,,1618939,0.4469,
08-03-2007,TATASTEEL,EQ,413.25,417,429,399.15,428.1,427.75,414.86,,1.74E+14,,1000132,0.2388,
09-03-2007,TATASTEEL,EQ,427.75,429.95,440,422,431.9,433.8,433.17,5217434,2.26E+14,,1797439,0.3445,
12-03-2007,TATASTEEL,EQ,433.8,437.7,441,430.35,438.7,435.5,436.22,2195427,9.58E+13,,708188,0.3226,
13-03-2007,TATASTEEL,EQ,435.5,437,448.5,437,443.95,444.75,443.12,2298822,1.02E+14,,646644,0.2813,
14-03-2007,TATASTEEL,EQ,444.75,432,434.8,425,428.85,429.95,429.34,2476696,1.06E+14,,849111,0.3428,
15-03-2007,TATASTEEL,EQ,429.95,435,444.5,430.8,432.1,433.25,438.45,1725900,7.57E+13,,285968,0.1657,
16-03-2007,TATASTEEL,EQ,433.25,435,440,422.55,431,430.55,431.07,1664942,7.18E+13,,460823,0.2768,
19-03-2007,TATASTEEL,EQ,430.55,434,435.9,428.65,429,429.9,431.68,1441127,6.22E+13,,653602,0.4535,
20-03-2007,TATASTEEL,EQ,429.9,432,435.9,421.6,422.5,423.45,429.31,2136301,9.17E+13,,986594,0.4618,
21-03-2007,TATASTEEL,EQ,423.45,435,435,423.1,429.55,430.15,428.42,2225785,9.54E+13,,562513,0.2527,
22-03-2007,TATASTEEL,EQ,430.15,435,443.5,433.4,442.5,442.05,439.2,2370537,1.04E+14,,1069576,0.4512,
23-03-2007,TATASTEEL,EQ,442.05,449.9,449.9,436.5,438,438.3,440.31,1701495,7.49E+13,,729515,0.4287,
26-03-2007,TATASTEEL,EQ,438.3,438.3,446.4,438.3,445,441.8,443,2553787,1.13E+14,,1328263,0.5201,
28-03-2007,TATASTEEL,EQ,441.8,441,449.5,437.05,439,441.35,444.7,2508889,1.12E+14,,1020417,0.4067,
29-03-2007,TATASTEEL,EQ,441.35,441,445.6,433.5,441.35,439.95,439.87,2763144,1.22E+14,,1093846,0.3959,
30-03-2007,TATASTEEL,EQ,439.95,442.1,451,437.6,450.8,449.65,445.95,3216514,1.43E+14,,1039587,0.3232,
02-04-2007,TATASTEEL,EQ,449.65,441,445.7,421.25,422.3,423.9,434.59,2643267,1.15E+14,,955089,0.3613,
03-04-2007,TATASTEEL,EQ,423.9,427.5,433.3,424.1,431.9,431.15,429.04,1530246,6.57E+13,,583444,0.3813,
04-04-2007,TATASTEEL,EQ,431.15,435,441.7,432,437.5,438,437.4,1765346,7.72E+13,,893658,0.5062,
05-04-2007,TATASTEEL,EQ,438,438,470,438,463.95,465.5,459.61,7738840,3.56E+14,,3912908,0.5056,
09-04-2007,TATASTEEL,EQ,465.5,468.15,496,467.15,495.1,493.45,487.09,7109241,3.46E+14,,3350199,0.4712,
10-04-2007,TATASTEEL,EQ,493.45,497,501.9,491.3,497.9,495.6,495.91,7315112,3.63E+14,,3455619,0.4724,
11-04-2007,TATASTEEL,EQ,495.6,499.65,519.4,499.65,511.25,511.5,513.1,7762042,3.98E+14,,3636103,0.4684,
12-04-2007,TATASTEEL,EQ,511.5,513.85,518,494.55,495.8,496.05,507.65,5574555,2.83E+14,,1748995,0.3137,
13-04-2007,TATASTEEL,EQ,496.05,500.05,515.4,499.1,511.05,511.2,509.56,6806676,3.47E+14,,3551670,0.5218,
16-04-2007,TATASTEEL,EQ,511.2,519.6,537,516,536.4,534.5,526.69,8531307,4.49E+14,,4717937,0.553,
17-04-2007,TATASTEEL,EQ,534.5,535.45,541,524.15,527.6,527.95,533.58,5335906,2.85E+14,,1833335,0.3436,
18-04-2007,TATASTEEL,EQ,527.95,510,519.4,472.3,511.8,511.5,508.13,13048370,6.63E+14,,5402724,0.4141,
19-04-2007,TATASTEEL,EQ,511.5,480.25,508.75,480.25,506.95,505.8,504.11,4077065,2.06E+14,,1141095,0.2799,
20-04-2007,TATASTEEL,EQ,505.8,464,536.5,464,536,533.35,523.32,6985308,3.66E+14,,3023610,0.4329,
23-04-2007,TATASTEEL,EQ,533.35,539.2,560,536.6,557.8,557.1,551.55,7022502,3.87E+14,,2758733,0.3928,
24-04-2007,TATASTEEL,EQ,557.1,557,585.95,552.5,578,579.75,571.8,10472216,5.99E+14,,3940515,0.3763,
25-04-2007,TATASTEEL,EQ,579.75,585,585,563.6,571.3,571.15,572.37,4758987,2.72E+14,,1663450,0.3495,
26-04-2007,TATASTEEL,EQ,571.15,575,579,557.1,559.5,560.5,565.96,3657959,2.07E+14,,1292725,0.3534,
27-04-2007,TATASTEEL,EQ,560.5,560,560,535,535.85,537.25,545.33,3122785,1.70E+14,,787057,0.252,
30-04-2007,TATASTEEL,EQ,537.25,534,552,530.1,550.4,549.45,544.79,3331541,1.82E+14,,844245,0.2534,
03-05-2007,TATASTEEL,EQ,549.45,555,559.85,540.25,555.75,556.9,551.02,4253528,2.34E+14,,1243237,0.2923,
04-05-2007,TATASTEEL,EQ,556.9,560,566.55,551.4,553,553.4,559.6,2799281,1.57E+14,,495624,0.1771,
07-05-2007,TATASTEEL,EQ,553.4,555.2,565,550.55,551.8,552.45,557.48,1885037,1.05E+14,,302101,0.1603,
08-05-2007,TATASTEEL,EQ,552.45,553.3,565,550.5,551.55,553.35,559.82,2677111,1.50E+14,,1121801,0.419,
09-05-2007,TATASTEEL,EQ,553.35,551.5,564.95,551,564.65,562.35,557.44,2453809,1.37E+14,,545387,0.2223,
10-05-2007,TATASTEEL,EQ,562.35,565,585,565,576,576.4,578.71,6491056,3.76E+14,,2681506,0.4131,
11-05-2007,TATASTEEL,EQ,576.4,573,575.7,562.4,569.6,569.6,569.08,2556387,1.45E+14,,437981,0.1713,
14-05-2007,TATASTEEL,EQ,569.6,575.05,595.15,575.05,594.8,591.9,585.37,3043011,1.78E+14,,840338,0.2762,
15-05-2007,TATASTEEL,EQ,591.9,596,597.85,588.15,589.2,592.25,593.25,3063056,1.82E+14,,1185529,0.387,
16-05-2007,TATASTEEL,EQ,592.25,594.4,595.7,583.3,589,589.1,589.73,2292806,1.35E+14,,596816,0.2603,
17-05-2007,TATASTEEL,EQ,589.1,595,608.5,590,598.65,598.25,599.78,6790670,4.07E+14,,2447020,0.3604,
18-05-2007,TATASTEEL,EQ,598.25,594.75,596.5,582.6,592,591.4,589.78,2488240,1.47E+14,,748594,0.3009,
21-05-2007,TATASTEEL,EQ,591.4,593.5,626.4,593.15,625.5,622.75,614.35,4900621,3.01E+14,,1745773,0.3562,
22-05-2007,TATASTEEL,EQ,622.75,602.55,636.8,602.55,627,628.75,630.65,2800372,1.77E+14,,939618,0.3355,
23-05-2007,TATASTEEL,EQ,628.75,630,663.7,625.05,656.05,659.65,649.66,7692520,5.00E+14,,2465390,0.3205,
24-05-2007,TATASTEEL,EQ,659.65,650,653.9,628.05,632,631.7,636.74,4146603,2.64E+14,,1342776,0.3238,
25-05-2007,TATASTEEL,EQ,631.7,627.5,629.5,618,622.6,623.05,624.05,4090360,2.55E+14,,1703047,0.4164,
28-05-2007,TATASTEEL,EQ,623.05,666.85,666.85,625,625.4,626.45,632.85,1789873,1.13E+14,,458129,0.256,
29-05-2007,TATASTEEL,EQ,626.45,628,633.9,621.3,629.55,630.7,629.02,1682009,1.06E+14,,414057,0.2462,
30-05-2007,TATASTEEL,EQ,630.7,669.55,669.55,624,624.5,626.8,632.94,3098434,1.96E+14,,709033,0.2288,
31-05-2007,TATASTEEL,EQ,626.8,654,654,626.1,633.6,632.15,630.61,2532153,1.60E+14,,908456,0.3588,
01-06-2007,TATASTEEL,EQ,632.15,635.1,645.75,632.65,634,635.1,639.94,1510897,9.67E+13,,424539,0.281,
04-06-2007,TATASTEEL,EQ,635.1,637,644.85,634.15,636.2,638.1,638.77,1451757,9.27E+13,,398184,0.2743,
05-06-2007,TATASTEEL,EQ,638.1,637,646.9,637,640.2,641.7,643.14,1512556,9.73E+13,,365250,0.2415,
06-06-2007,TATASTEEL,EQ,641.7,644,644.4,616,618,618.3,628.42,1300891,8.18E+13,,319629,0.2457,
07-06-2007,TATASTEEL,EQ,618.3,610,625.8,605.05,615,614.95,615.7,2257680,1.39E+14,,400349,0.1773,
08-06-2007,TATASTEEL,EQ,614.95,602,602,583,583,585.65,591.55,1852491,1.10E+14,,410630,0.2217,
11-06-2007,TATASTEEL,EQ,585.65,594,594.45,576.65,581.1,580.1,586.41,1314819,7.71E+13,,201280,0.1531,
12-06-2007,TATASTEEL,EQ,580.1,580,608.75,580,608.1,603.35,591.19,5562113,3.29E+14,,2270825,0.4083,
13-06-2007,TATASTEEL,EQ,603.35,603.35,613,593.55,594.15,596.85,605.36,4438253,2.69E+14,,1360408,0.3065,
14-06-2007,TATASTEEL,EQ,596.85,593.05,619.6,593.05,612.9,615.75,611.34,2390195,1.46E+14,,676460,0.283,
15-06-2007,TATASTEEL,EQ,615.75,615.2,620,595.95,598,600.45,610.28,1557738,9.51E+13,,275655,0.177,
18-06-2007,TATASTEEL,EQ,600.45,600.45,608.95,586.5,588.95,589.15,596.71,1517046,9.05E+13,,247604,0.1632,
19-06-2007,TATASTEEL,EQ,589.15,588,617,585,616.1,612.05,599.61,1979019,1.19E+14,,520768,0.2631,
20-06-2007,TATASTEEL,EQ,612.05,615,616.8,605,612,609.4,610.67,1227795,7.50E+13,,306585,0.2497,
21-06-2007,TATASTEEL,EQ,609.4,609.7,616.5,605.5,607.4,609.8,611.89,1318555,8.07E+13,,202978,0.1539,
22-06-2007,TATASTEEL,EQ,609.8,601.35,614,592.5,601.95,600.15,605.73,1079852,6.54E+13,,217886,0.2018,
25-06-2007,TATASTEEL,EQ,600.15,599.75,603.75,593.2,601,600.15,598.33,921657,5.51E+13,,180641,0.196,
26-06-2007,TATASTEEL,EQ,600.15,599,610.85,597.7,602.8,604.15,605.07,1041852,6.30E+13,,163299,0.1567,
27-06-2007,TATASTEEL,EQ,604.15,602,603.45,588.8,590.9,592.65,596.42,,7.77E+13,,464229,0.3563,
28-06-2007,TATASTEEL,EQ,592.65,592,599.45,588.1,595,593.5,593.14,1509871,8.96E+13,,588574,0.3898,
29-06-2007,TATASTEEL,EQ,593.5,592,601.8,591.35,596.4,597.4,598.17,647081,3.87E+13,,116557,0.1801,
02-07-2007,TATASTEEL,EQ,597.4,597.4,608.7,592.2,592.95,593.45,600.2,1081530,6.49E+13,,352248,0.3257,
03-07-2007,TATASTEEL,EQ,593.45,594,605.8,591,600.7,600.75,601.12,1582258,9.51E+13,,472449,0.2986,
04-07-2007,TATASTEEL,EQ,600.75,603,618.8,599,617.45,616.35,611.23,2343092,1.43E+14,,682254,0.2912,
05-07-2007,TATASTEEL,EQ,616.35,620.55,630,614.5,628.1,628.1,623.07,3013889,1.88E+14,,702732,0.2332,
06-07-2007,TATASTEEL,EQ,628.1,628.65,635.5,621,623.7,623.3,629.91,1649351,1.04E+14,,325467,0.1973,
09-07-2007,TATASTEEL,EQ,623.3,627,632,622.1,627.15,626.45,627.12,1188353,7.45E+13,,374264,0.3149,
10-07-2007,TATASTEEL,EQ,626.45,629,638,624.2,633.1,634.05,631.7,1864339,1.18E+14,,414955,0.2226,
11-07-2007,TATASTEEL,EQ,634.05,630.05,661,627,661,655.5,646.53,3251857,2.10E+14,,997129,0.3066,
12-07-2007,TATASTEEL,EQ,655.5,662.05,674,660,670.9,672,667.42,1808264,1.21E+14,,475614,0.263,
13-07-2007,TATASTEEL,EQ,672,672,699.5,672,692.9,695.8,688.45,2756256,1.90E+14,,735343,0.2668,
16-07-2007,TATASTEEL,EQ,695.8,699.65,711.95,686,693,694.8,701.01,2354958,1.65E+14,,392327,0.1666,
17-07-2007,TATASTEEL,EQ,694.8,694.1,702,674.05,681.25,681.05,691.6,1534674,1.06E+14,,240253,0.1565,
18-07-2007,TATASTEEL,EQ,681.05,682,691,660.25,684.5,682.8,680.41,1694970,1.15E+14,,341439,0.2014,
19-07-2007,TATASTEEL,EQ,682.8,686,692.9,678.65,681.95,682.5,685.85,1077220,7.39E+13,,282807,0.2625,
20-07-2007,TATASTEEL,EQ,682.5,684,720,684,715.15,715.15,706.88,5039663,3.56E+14,,2247146,0.4459,
23-07-2007,TATASTEEL,EQ,715.15,712,726.6,710,721.25,721.05,720.46,3731188,2.69E+14,,1556410,0.4171,
24-07-2007,TATASTEEL,EQ,721.05,723.4,732.4,709,720.5,721.75,720.71,2897659,2.09E+14,,794228,0.2741,
25-07-2007,TATASTEEL,EQ,721.75,720.5,725.7,702.2,708.4,709.4,712.01,2008380,1.43E+14,,422339,0.2103,
26-07-2007,TATASTEEL,EQ,709.4,712,717.9,697,703.1,703.65,705.72,1330673,9.39E+13,,244677,0.1839,
27-07-2007,TATASTEEL,EQ,703.65,695,697.2,646.15,647.7,651.6,666.4,2647070,1.76E+14,,806405,0.3046,
30-07-2007,TATASTEEL,EQ,651.6,655,675,635,642.95,643.45,656.74,3217629,2.11E+14,,471942,0.1467,
31-07-2007,TATASTEEL,EQ,643.45,646.9,659.8,642.3,656.2,656.25,651.18,1882199,1.23E+14,,170740,0.0907,
01-08-2007,TATASTEEL,EQ,656.25,652.95,653,621.05,628,623.75,631.33,2568476,1.62E+14,,845830,0.3293,
02-08-2007,TATASTEEL,EQ,623.75,632.95,644.9,623.1,639.25,639.6,637.53,1368203,8.72E+13,,253010,0.1849,
03-08-2007,TATASTEEL,EQ,639.6,640,654.8,640,652,652.35,650.62,1232488,8.02E+13,,244721,0.1986,
06-08-2007,TATASTEEL,EQ,652.35,616.05,654.95,616.05,648.65,649.35,643.58,1493719,9.61E+13,,208256,0.1394,
07-08-2007,TATASTEEL,EQ,649.35,655,660,637.05,637.1,639.8,650.3,1643357,1.07E+14,,258206,0.1571,
08-08-2007,TATASTEEL,EQ,639.8,656,656,642.5,650.3,650.4,649.75,1338493,8.70E+13,,294675,0.2202,
09-08-2007,TATASTEEL,EQ,650.4,658,675,646,654.3,652.35,662.22,2638200,1.75E+14,,743437,0.2818,
10-08-2007,TATASTEEL,EQ,652.35,638.4,641,625,638,634.95,633.23,2051724,1.30E+14,,731377,0.3565,
13-08-2007,TATASTEEL,EQ,634.95,641,650.1,640,642.5,642.95,644.76,927271,5.98E+13,,298634,0.3221,
14-08-2007,TATASTEEL,EQ,642.95,644,649.8,639.3,642.45,641.05,644.75,1047624,6.75E+13,,244369,0.2333,
16-08-2007,TATASTEEL,EQ,641.05,601.55,622.4,572.25,577.35,575.45,591.34,6090989,3.60E+14,,3567235,0.5857,
17-08-2007,TATASTEEL,EQ,575.45,571,573,527.5,543,544.4,552.48,10466918,5.78E+14,,5208964,0.4977,
20-08-2007,TATASTEEL,EQ,544.4,552,574.7,552,570.5,569.3,566.38,2568656,1.45E+14,,678336,0.2641,
21-08-2007,TATASTEEL,EQ,569.3,575,588,543.1,545.55,546.3,557.9,1914074,1.07E+14,,597420,0.3121,
22-08-2007,TATASTEEL,EQ,546.3,550,574,540.05,568.75,569.3,562.72,2327368,1.31E+14,,422848,0.1817,
23-08-2007,TATASTEEL,EQ,569.3,579,586.4,554.5,560.1,559.8,568.44,1872829,1.06E+14,,349186,0.1864,
24-08-2007,TATASTEEL,EQ,559.8,562,587.6,560,582.2,582.9,575.57,1765788,1.02E+14,,323482,0.1832,
27-08-2007,TATASTEEL,EQ,582.9,587,604.8,586,604,602.9,598.2,1727402,1.03E+14,,475448,0.2752,
28-08-2007,TATASTEEL,EQ,602.9,605.4,614.4,595.2,607.9,605.8,606.81,1709142,1.04E+14,,325613,0.1905,
29-08-2007,TATASTEEL,EQ,605.8,598.25,663.9,590,662.05,659.95,639.33,6742163,4.31E+14,,1071203,0.1589,
30-08-2007,TATASTEEL,EQ,659.95,670,680,654,657.35,657.4,664.67,5617462,3.73E+14,,1450485,0.2582,
31-08-2007,TATASTEEL,EQ,657.4,660,692.8,660,687.05,689.7,679.18,5599765,3.80E+14,,1670358,0.2983,
03-09-2007,TATASTEEL,EQ,689.7,690,702.5,687,692,691.6,694.48,3086144,2.14E+14,,539820,0.1749,
04-09-2007,TATASTEEL,EQ,691.6,695,699.95,680.55,682.9,683.8,689.47,2671481,1.84E+14,,333829,0.125,
05-09-2007,TATASTEEL,EQ,683.8,688,696,676.35,676.85,682.05,688.56,3412589,2.35E+14,,877231,0.2571,
06-09-2007,TATASTEEL,EQ,682.05,685,695,676.05,694.85,692.7,689.42,1852940,1.28E+14,,487240,0.263,
07-09-2007,TATASTEEL,EQ,692.7,695,705,685.1,688.9,688.3,696.87,2721782,1.90E+14,,599894,0.2204,
10-09-2007,TATASTEEL,EQ,688.3,680,698.55,676.15,693.8,693.2,689.19,,1.59E+14,,474452,0.205,
11-09-2007,TATASTEEL,EQ,693.2,695.55,711.6,695.1,709,708.75,704.27,4049142,2.85E+14,,955516,0.236,
12-09-2007,TATASTEEL,EQ,708.75,715,718.4,710,711.1,711.55,714.67,2695433,1.93E+14,,1095298,0.4064,
13-09-2007,TATASTEEL,EQ,711.55,714,717.85,703.15,707.5,706.55,711.41,1675930,1.19E+14,,306963,0.1832,
14-09-2007,TATASTEEL,EQ,706.55,712,724,700.6,703,703.75,713.8,2401320,1.71E+14,,579527,0.2413,
17-09-2007,TATASTEEL,EQ,703.75,705,714.9,702.15,706,705.65,708.68,1776458,1.26E+14,,369218,0.2078,
18-09-2007,TATASTEEL,EQ,705.65,707,713,702,708.5,710.35,708.46,1330843,9.43E+13,,294059,0.221,
19-09-2007,TATASTEEL,EQ,710.35,721.3,747,721,745.15,745,735.61,,2.52E+14,,1503534,0.4387,
20-09-2007,TATASTEEL,EQ,745,745,751.85,735.5,739.55,739.55,744.01,1829155,1.36E+14,,439109,0.2401,
21-09-2007,TATASTEEL,EQ,739.55,738,750,737.15,740.25,740.45,743.35,1687274,1.25E+14,,552490,0.3274,
24-09-2007,TATASTEEL,EQ,740.45,747,756.5,737.8,748,749.45,748.76,1500079,1.12E+14,,330713,0.2205,
25-09-2007,TATASTEEL,EQ,749.45,748,763.4,733.1,744,744,749.89,2475682,1.86E+14,,713135,0.2881,
26-09-2007,TATASTEEL,EQ,744,751.4,763,745.1,753.9,751.85,755.24,1875720,1.42E+14,,531110,0.2831,
27-09-2007,TATASTEEL,EQ,751.85,750,810,750,804,795,779.72,7892302,6.15E+14,,5254180,0.6657,
28-09-2007,TATASTEEL,EQ,795,806,868.45,800,848,850.5,846.23,8769797,7.42E+14,,3632163,0.4142,
01-10-2007,TATASTEEL,EQ,850.5,855,858.9,834.15,837.3,841.5,841.68,3104776,2.61E+14,,1539307,0.4958,
03-10-2007,TATASTEEL,EQ,841.5,848.65,862.8,805,839.55,840.5,841.26,2279616,1.92E+14,,487109,0.2137,
04-10-2007,TATASTEEL,EQ,840.5,841,876.25,830.1,862,865,856.86,3428560,2.94E+14,,615937,0.1796,
05-10-2007,TATASTEEL,EQ,865,869.95,875,822,825,834,853.13,,1.58E+14,,466259,0.2519,
08-10-2007,TATASTEEL,EQ,834,837.9,848.75,775,786.5,789.55,797.34,2625055,2.09E+14,,592437,0.2257,
09-10-2007,TATASTEEL,EQ,789.55,795,839,769,835.25,835.6,814.97,2596695,2.12E+14,,538569,0.2074,
10-10-2007,TATASTEEL,EQ,835.6,842.4,857,839.6,848.7,848.1,849.52,1860542,1.58E+14,,521599,0.2803,
11-10-2007,TATASTEEL,EQ,848.1,849.9,863.4,840,854.95,850.6,851.17,,1.36E+14,,543955,0.3399,
12-10-2007,TATASTEEL,EQ,850.6,845,890.25,835.25,857,850.35,871.86,2838912,2.48E+14,,720682,0.2539,
15-10-2007,TATASTEEL,EQ,850.35,858,918.95,856,916.8,912,893.03,3677531,3.28E+14,,1101013,0.2994,
16-10-2007,TATASTEEL,EQ,912,910,924,890.25,906.5,908.15,909.25,2397012,2.18E+14,,502850,0.2098,
17-10-2007,TATASTEEL,EQ,908.15,865,888.4,800,865.1,866.1,857.41,3314525,2.84E+14,,1119781,0.3378,
